ID_ENTREGA_CIDADE_REGIAO;ID_ENTREGA_CIDADE;BT_ATIVO;DT_CADASTRO;TX_NOME
5F3026D8-EBB7-4491-96CA-D068F70DA851;0AA91E1E-042A-E711-80BB-001EC9E44883;1;2017-09-13 10:49:02.290;Aeroviário
FDC7F0AF-740A-474A-87BD-E6E48EEBC895;0AA91E1E-042A-E711-80BB-001EC9E44883;1;2017-09-13 10:49:03.043;Água Branca
E76B5FB5-BF2F-4491-81DA-A9F74FD9D59D;0AA91E1E-042A-E711-80BB-001EC9E44883;1;2017-09-13 10:49:03.137;Alphaville Flamboyant Residencial Araguaia
CF1593F3-B598-468B-BB11-4B42F1A4CB8E;0AA91E1E-042A-E711-80BB-001EC9E44883;1;2017-09-13 10:49:03.113;Alto da Glória
7F152934-4823-4314-B618-4AF60D034E11;0AA91E1E-042A-E711-80BB-001EC9E44883;1;2017-09-13 10:49:01.680;Anhanguera
BB0E7CF0-2B88-437B-BDDC-460C670F4997;0AA91E1E-042A-E711-80BB-001EC9E44883;1;2017-09-13 10:49:02.690;Araguaia Park
F86C0455-F456-407D-BB2C-D7C70BCC0F06;0AA91E1E-042A-E711-80BB-001EC9E44883;1;2017-09-13 10:49:01.993;Bairro Santa Rita
D5EE111E-7564-46F5-883E-83FE152A0AED;0AA91E1E-042A-E711-80BB-001EC9E44883;1;2017-09-13 10:49:02.603;Boa Vista
197D93CB-075F-4986-AA36-185AB8A082B3;0AA91E1E-042A-E711-80BB-001EC9E44883;1;2017-09-13 10:49:03.013;Campus Universitário
D016DBE6-10CC-4D53-831C-3AB82A65AEC7;0AA91E1E-042A-E711-80BB-001EC9E44883;1;2017-09-13 10:49:02.320;Capuava
7B6B49CA-660A-477C-9D10-7FC5592CC1F8;0AA91E1E-042A-E711-80BB-001EC9E44883;1;2017-09-13 10:49:02.310;Capuava Residencial Privê
9F6DFA1E-23BE-48B8-833F-9A9AADE738B7;0AA91E1E-042A-E711-80BB-001EC9E44883;1;2017-09-13 10:49:02.657;Carolina Parque
F7AB9127-E9B8-4586-A22E-55F54D2F14AC;0AA91E1E-042A-E711-80BB-001EC9E44883;1;2017-09-13 10:49:02.663;Carolina Parque Extensão
2CECC221-E6F5-4A23-8D9C-18717E693F2F;0AA91E1E-042A-E711-80BB-001EC9E44883;1;2017-09-13 10:49:03.133;Chácara do Governador
A8998D21-ADF6-4742-9F73-579EB5BF1A63;0AA91E1E-042A-E711-80BB-001EC9E44883;1;2017-09-13 10:49:03.113;Chácaras Alto da Glória
4AE81014-553E-4029-BD12-EFB9FDDBD8CD;0AA91E1E-042A-E711-80BB-001EC9E44883;1;2017-09-13 10:49:02.177;Chácaras Anhanguera
A9F32BFC-AD2D-4823-8825-BE817BE27271;0AA91E1E-042A-E711-80BB-001EC9E44883;1;2017-09-13 10:49:03.010;Chácaras Bom Retiro
E09F4CE6-D86E-4E76-9F0B-08FA5C346BC1;0AA91E1E-042A-E711-80BB-001EC9E44883;1;2017-09-13 10:49:03.040;Chácaras Botafogo
8452113B-7908-4A8F-A7AF-CEF2BC70F5F2;0AA91E1E-042A-E711-80BB-001EC9E44883;1;2017-09-13 10:49:02.167;Chácaras Buritis
713C91D6-04AC-4F90-8BFF-2FFD774BF823;0AA91E1E-042A-E711-80BB-001EC9E44883;1;2017-09-13 10:49:03.013;Chácaras Califórnia
BC8F04E3-48F7-46C7-AF16-7288CFA3ABE3;0AA91E1E-042A-E711-80BB-001EC9E44883;1;2017-09-13 10:49:03.020;Chácaras de Recreio Samambaia
F875F8F3-9843-4EC8-A80F-71ED9C918DB6;0AA91E1E-042A-E711-80BB-001EC9E44883;1;2017-09-13 10:49:02.447;Chácaras de Recreio São Joaquim
3FD8C1D3-0E2D-4F3E-91DA-91CB01AEAC75;0AA91E1E-042A-E711-80BB-001EC9E44883;1;2017-09-13 10:49:01.770;Chácaras Dona Gê
CE1BFB1D-309E-4F73-8195-9D76359DB153;0AA91E1E-042A-E711-80BB-001EC9E44883;1;2017-09-13 10:49:02.477;Chácaras Hellou
55929AFF-B58F-4BB2-8710-12BE91C1D1F5;0AA91E1E-042A-E711-80BB-001EC9E44883;1;2017-09-13 10:49:03.100;Chácaras Ipanema
001E5137-0504-4BBF-A3AD-EE91D18CC378;0AA91E1E-042A-E711-80BB-001EC9E44883;1;2017-09-13 10:49:02.433;Chácaras Mansões Rosas de Ouro
E67ED11C-CDE4-4DA4-8853-B65A17BBDF19;0AA91E1E-042A-E711-80BB-001EC9E44883;1;2017-09-13 10:49:02.937;Chácaras Maria Dilce
F5694E17-5128-4942-91CD-DEE94725E7F3;0AA91E1E-042A-E711-80BB-001EC9E44883;1;2017-09-13 10:49:02.377;Chácaras Maringá
AF6BAE9A-013A-4074-9CA7-D7956157E04C;0AA91E1E-042A-E711-80BB-001EC9E44883;1;2017-09-13 10:49:02.990;Chácaras Nossa Senhora da Piedade
D2B307D4-C5BC-40BB-B980-A147D909617B;0AA91E1E-042A-E711-80BB-001EC9E44883;1;2017-09-13 10:49:02.970;Chácaras Retiro
59CB0151-6E9D-4A19-A3D3-6BA3093528F0;0AA91E1E-042A-E711-80BB-001EC9E44883;1;2017-09-13 10:49:02.180;Chácaras Salinos
B54380CE-7350-4E89-986C-852BD62E0923;0AA91E1E-042A-E711-80BB-001EC9E44883;1;2017-09-13 10:49:03.037;Chácaras Santa Bárbara
D8257504-B2FB-4C96-AAD5-9F65B6C326FE;0AA91E1E-042A-E711-80BB-001EC9E44883;1;2017-09-13 10:49:02.107;Chácaras Santa Rita
B9FC9A1F-BE80-4FC9-ABDF-F682BE4B8B29;0AA91E1E-042A-E711-80BB-001EC9E44883;1;2017-09-13 10:49:02.713;Chácaras São José
D85FDE31-241D-4CB4-9F00-C552455FB361;0AA91E1E-042A-E711-80BB-001EC9E44883;1;2017-09-13 10:49:03.087;Chácaras São Silvestre
41C68AF3-0F88-45D8-8F3D-AD5652486B15;0AA91E1E-042A-E711-80BB-001EC9E44883;1;2017-09-13 10:49:02.153;Cidade Jardim
B93CEFB6-B0F0-49A3-B40E-811C38C8624F;0AA91E1E-042A-E711-80BB-001EC9E44883;1;2017-09-13 10:49:03.047;Colônia Santa Marta
343614C7-44ED-4491-AE39-2FDFB3B72424;0AA91E1E-042A-E711-80BB-001EC9E44883;1;2017-09-13 10:49:02.320;Condomínio Alto da Boa Vista
EF58294F-E51B-4FD6-B9C9-22AB8411EAF4;0AA91E1E-042A-E711-80BB-001EC9E44883;1;2017-09-13 10:49:01.763;Condomínio Amin Camargo
8254F31B-1874-4A85-9921-A334C681DB05;0AA91E1E-042A-E711-80BB-001EC9E44883;1;2017-09-13 10:49:02.720;Condomínio Anhanguera
8D57AB42-79BC-4D93-A7CF-90462B95BF39;0AA91E1E-042A-E711-80BB-001EC9E44883;1;2017-09-13 10:49:03.020;Condomínio Cidade Universitária
A6E6C8CE-E8F4-4AE5-859A-7F39CD979511;0AA91E1E-042A-E711-80BB-001EC9E44883;1;2017-09-13 10:49:01.780;Condomínio das Esmeraldas
AE959AB5-CE96-4308-AD1B-0D63A2609105;0AA91E1E-042A-E711-80BB-001EC9E44883;1;2017-09-13 10:49:02.380;Condomínio do Lago
B7B03185-1736-4A8F-AF7D-3E6131D70C4A;0AA91E1E-042A-E711-80BB-001EC9E44883;1;2017-09-13 10:49:02.137;Condomínio dos Dourados
ED74205F-8804-413A-A084-001EEEAFE60B;0AA91E1E-042A-E711-80BB-001EC9E44883;1;2017-09-13 10:49:02.150;Condomínio Eldorado
47B735D2-6265-49DA-9847-8D479DE548DB;0AA91E1E-042A-E711-80BB-001EC9E44883;1;2017-09-13 10:49:02.137;Condomínio Ipanema
6750A36B-1C46-4254-BDE9-F8BEA68A0A36;0AA91E1E-042A-E711-80BB-001EC9E44883;1;2017-09-13 10:49:02.717;Condomínio Jardim das Oliveiras
98AA30B8-95BA-4BD0-AEF5-452CFC5A02BE;0AA91E1E-042A-E711-80BB-001EC9E44883;1;2017-09-13 10:49:01.773;Condomínio Marlene
9963DF91-9EA0-4201-A888-31338DBB8A0B;0AA91E1E-042A-E711-80BB-001EC9E44883;1;2017-09-13 10:49:03.020;Condomínio Parque dos Cisnes
E08E8CDA-DD0F-4063-BAE6-63D4C5DF4810;0AA91E1E-042A-E711-80BB-001EC9E44883;1;2017-09-13 10:49:01.820;Condomínio Privê das Oliveiras
95ED42A4-B974-401C-9D4D-54908D9425D4;0AA91E1E-042A-E711-80BB-001EC9E44883;1;2017-09-13 10:49:03.133;Condomínio Privê dos Girassóis
A1676826-BC39-47F4-BA77-F563475BC975;0AA91E1E-042A-E711-80BB-001EC9E44883;1;2017-09-13 10:49:02.783;Condomínio Residencial Parque Oeste
26AFB13A-E20C-452B-A3F0-8E1ABAB64050;0AA91E1E-042A-E711-80BB-001EC9E44883;1;2017-09-13 10:49:02.773;Condomínio Residencial Santa Maria I
46C6A439-3CF8-4A37-BBD1-041B56B82E0B;0AA91E1E-042A-E711-80BB-001EC9E44883;1;2017-09-13 10:49:02.780;Condomínio Residencial Santa Rita
6BBAEF88-2B68-416F-A9FD-90CB1BC3A53E;0AA91E1E-042A-E711-80BB-001EC9E44883;1;2017-09-13 10:49:02.140;Condomínio Rio Branco
51F0769C-7A10-4DD5-940F-1DDE01CAFF5D;0AA91E1E-042A-E711-80BB-001EC9E44883;1;2017-09-13 10:49:02.760;Condomínio Santa Rita
81F1AEE8-7C13-452A-8C04-DDEC9927A9E9;0AA91E1E-042A-E711-80BB-001EC9E44883;1;2017-09-13 10:49:02.013;Condomínio Santa Rita - 7ª etapa
13A2C230-3DAE-4458-9EAD-90C77176B159;0AA91E1E-042A-E711-80BB-001EC9E44883;1;2017-09-13 10:49:01.950;Condomínio Santa Rita 6ª Etapa
0C58619D-4A40-41F4-B4E1-59C3ED79704E;0AA91E1E-042A-E711-80BB-001EC9E44883;1;2017-09-13 10:49:03.020;Condomínio Shangry-Lá
986EAF5C-0A7F-4696-A75E-E294FC8C2104;0AA91E1E-042A-E711-80BB-001EC9E44883;1;2017-09-13 10:49:03.127;Conjunto Anhanguera
7B7D7B7C-22E9-4888-841A-77857F6F9754;0AA91E1E-042A-E711-80BB-001EC9E44883;1;2017-09-13 10:49:01.830;Conjunto Cachoeira Dourada
A5F0E402-A042-4D48-BC0F-538123989C10;0AA91E1E-042A-E711-80BB-001EC9E44883;1;2017-09-13 10:49:03.057;Conjunto Caiçara
113BA76A-1212-49DA-B08E-013B2C972C69;0AA91E1E-042A-E711-80BB-001EC9E44883;1;2017-09-13 10:49:03.133;Conjunto Fabiana
BE075577-DE9F-42F2-AD2E-6346FCD6F068;0AA91E1E-042A-E711-80BB-001EC9E44883;1;2017-09-13 10:49:02.240;Conjunto Guadalajara
E2240E2C-D74D-471A-8AF0-C85D4316ABF8;0AA91E1E-042A-E711-80BB-001EC9E44883;1;2017-09-13 10:49:01.783;Conjunto Habitacional Baliza
D7A4695D-E0C6-43DB-A0A3-005928686B3D;0AA91E1E-042A-E711-80BB-001EC9E44883;1;2017-09-13 10:49:01.743;Conjunto Habitacional Madre Germana II
6016831E-1D73-4805-9562-C779BE8789E3;0AA91E1E-042A-E711-80BB-001EC9E44883;1;2017-09-13 10:49:02.283;Conjunto Morada Nova
5F3474E3-1298-4B53-8BDD-D4A42434140F;0AA91E1E-042A-E711-80BB-001EC9E44883;1;2017-09-13 10:49:03.060;Conjunto Palmares
5A3D5027-7E19-48AD-AD1A-759D07D4DC16;0AA91E1E-042A-E711-80BB-001EC9E44883;1;2017-09-13 10:49:03.000;Conjunto Parque dos Eucaliptos
65E552E3-8DAA-4560-94DD-3CD04785B042;0AA91E1E-042A-E711-80BB-001EC9E44883;1;2017-09-13 10:49:02.597;Conjunto Primavera
9D6A4D04-E264-403C-AB23-931DC6F9C888;0AA91E1E-042A-E711-80BB-001EC9E44883;1;2017-09-13 10:49:03.050;Conjunto Residencial Aruanã I
8972979E-62D5-45E8-85BC-4F90BBAF9110;0AA91E1E-042A-E711-80BB-001EC9E44883;1;2017-09-13 10:49:03.050;Conjunto Residencial Aruanã II
98C3C276-7FAB-4A9D-8517-1E4A0B79C54E;0AA91E1E-042A-E711-80BB-001EC9E44883;1;2017-09-13 10:49:03.050;Conjunto Residencial Aruanã III
F1ACAEA1-09D0-46BB-B186-64D8C3853B26;0AA91E1E-042A-E711-80BB-001EC9E44883;1;2017-09-13 10:49:02.653;Conjunto Residencial Costa Verde
4DBD87D3-7B19-4EEA-B190-F7322D57B7B2;0AA91E1E-042A-E711-80BB-001EC9E44883;1;2017-09-13 10:49:03.107;Conjunto Residencial Irisville
389A17CB-2A2F-4058-A0AF-31BD0FCE93A7;0AA91E1E-042A-E711-80BB-001EC9E44883;1;2017-09-13 10:49:03.107;Conjunto Residencial Irisville - 2ª Etapa
A8EAFE05-F78B-4964-AEF6-8B9EDF215D49;0AA91E1E-042A-E711-80BB-001EC9E44883;1;2017-09-13 10:49:02.580;Conjunto Residencial Paulo Pacheco
35E1A1A5-B86B-4309-A71A-FB73D88B0716;0AA91E1E-042A-E711-80BB-001EC9E44883;1;2017-09-13 10:49:02.287;Conjunto Residencial Rodoviário
EC23C298-DBF9-4EEC-B6C2-8F2226D6E692;0AA91E1E-042A-E711-80BB-001EC9E44883;1;2017-09-13 10:49:02.917;Conjunto Residencial Yara
49AB0915-B795-4586-9151-7DE50A48F301;0AA91E1E-042A-E711-80BB-001EC9E44883;1;2017-09-13 10:49:03.043;Conjunto Riviera
494D0908-C188-40A1-8DF4-C43F484CA916;0AA91E1E-042A-E711-80BB-001EC9E44883;1;2017-09-13 10:49:02.220;Conjunto Romildo Ferreira do Amaral
8CD5DFB8-3B09-4088-A379-2799B3BA6212;0AA91E1E-042A-E711-80BB-001EC9E44883;1;2017-09-13 10:49:02.793;Conjunto Vera Cruz
827D8A1F-7FAF-4EFF-8DD6-278A56D1F669;0AA91E1E-042A-E711-80BB-001EC9E44883;1;2017-09-13 10:49:03.113;Conjunto Vila Isabel
CB0D947F-2EB5-4750-B205-DFB500624C40;0AA91E1E-042A-E711-80BB-001EC9E44883;1;2017-09-13 10:49:02.587;Da Vitória
CF66C0F0-ABF9-4979-B648-C9FACF2F54E6;0AA91E1E-042A-E711-80BB-001EC9E44883;1;2017-09-13 10:49:03.033;Distrito Vila Rica
ABBC5153-E379-4D9A-AAAC-92303F660CE3;0AA91E1E-042A-E711-80BB-001EC9E44883;1;2017-09-13 10:49:02.973;Elísio Campos
E2466BF5-D9B1-46BC-B99E-6AE45C49CE0C;0AA91E1E-042A-E711-80BB-001EC9E44883;1;2017-09-13 10:49:02.290;Esplanada do Anicuns
59983744-E5A2-48B5-834C-BB2A44CFCF24;0AA91E1E-042A-E711-80BB-001EC9E44883;1;2017-09-13 10:49:03.033;Fazenda Botafogo
16B72E34-1490-4A71-AB93-2FB20647C43C;0AA91E1E-042A-E711-80BB-001EC9E44883;1;2017-09-13 10:49:02.317;Fazenda Caveiras
764CE5C4-A2EF-4A06-9F51-A75FE5856F18;0AA91E1E-042A-E711-80BB-001EC9E44883;1;2017-09-13 10:49:02.483;Fazenda Caveiras - Aeródromo
803FBEC2-2FAF-44DE-892B-6044403D972F;0AA91E1E-042A-E711-80BB-001EC9E44883;1;2017-09-13 10:49:02.993;Fazenda Colina
45F6E665-96DF-4957-8E5F-2504B2E19ABF;0AA91E1E-042A-E711-80BB-001EC9E44883;1;2017-09-13 10:49:02.953;Fazenda Criméia Caveiras
C27699C1-07F6-444E-B4D8-409FA4DB47CB;0AA91E1E-042A-E711-80BB-001EC9E44883;1;2017-09-13 10:49:03.140;Fazenda Gameleira
68D25FA1-2E01-4370-9F71-80484E85A819;0AA91E1E-042A-E711-80BB-001EC9E44883;1;2017-09-13 10:49:03.090;Fazenda Planície Petrópolis
5D8B46B9-E0B0-40EE-9D08-01C73371BD4C;0AA91E1E-042A-E711-80BB-001EC9E44883;1;2017-09-13 10:49:02.970;Fazenda Retiro
6058C984-2CC9-4A2A-822C-1E8773B041E5;0AA91E1E-042A-E711-80BB-001EC9E44883;1;2017-09-13 10:49:03.097;Fazenda Retiro - Golden Shopping
6F290B2E-3E10-4347-ADBD-8B207444E2A2;0AA91E1E-042A-E711-80BB-001EC9E44883;1;2017-09-13 10:49:02.210;Fazenda Salinos
50F3A83B-7F4E-433D-A7FC-3DB5818C1371;0AA91E1E-042A-E711-80BB-001EC9E44883;1;2017-09-13 10:49:02.190;Fazenda Santa Rita
FF999D6F-54A9-43A4-BDDD-EB275C66C2D4;0AA91E1E-042A-E711-80BB-001EC9E44883;1;2017-09-13 10:49:01.727;Fazenda Santa Rita - Conjunto Residencial Alto Ori
A7607277-EA7C-4D8B-ADA7-354680352FAC;0AA91E1E-042A-E711-80BB-001EC9E44883;1;2017-09-13 10:49:02.100;Fazenda Santa Rita - Glebas B e B1
E95C4FEA-6C34-469F-8ADF-51CA764124C9;0AA91E1E-042A-E711-80BB-001EC9E44883;1;2017-09-13 10:49:02.837;Fazenda Santa Rita - Quadra 01
49CC4699-25A9-4A8A-AB32-492247CEAAEE;0AA91E1E-042A-E711-80BB-001EC9E44883;1;2017-09-13 10:49:02.607;Fazenda São Domingos
E9E0D7FC-6D44-49CD-9CA4-54081E272BA8;0AA91E1E-042A-E711-80BB-001EC9E44883;1;2017-09-13 10:49:02.613;Fazenda São Domingos - Conjunto Residencial Campo
F8B66D1E-E63B-4202-8D49-3EA14A81A898;0AA91E1E-042A-E711-80BB-001EC9E44883;1;2017-09-13 10:49:02.610;Fazenda São Domingos - Conjunto Residencial Terra
9C0BC5AC-B6BF-4089-AA39-0A509F3AFB6C;0AA91E1E-042A-E711-80BB-001EC9E44883;1;2017-09-13 10:49:02.853;Fazenda São José
48D9BDEE-0B3D-45C3-8AD9-170DA1C005E0;0AA91E1E-042A-E711-80BB-001EC9E44883;1;2017-09-13 10:49:03.150;Fazenda Vau das Pombas
1FD7C338-A30F-4BA5-A103-FB7EBFAF36C2;0AA91E1E-042A-E711-80BB-001EC9E44883;1;2017-09-13 10:49:02.970;Feliz
C0CC437B-92E3-4CAF-AB78-EF96D2531169;0AA91E1E-042A-E711-80BB-001EC9E44883;1;2017-09-13 10:49:02.590;Floresta
10D7B877-2A26-48F6-890D-E99F16C1921A;0AA91E1E-042A-E711-80BB-001EC9E44883;1;2017-09-13 10:49:02.987;Garavelo Residencial Norte
5AF2160C-2FEB-4083-B867-37E9C2FC91BE;0AA91E1E-042A-E711-80BB-001EC9E44883;1;2017-09-13 10:49:02.740;Goiá
9F68034E-3585-4490-BBFE-0F5EE393CCC9;0AA91E1E-042A-E711-80BB-001EC9E44883;1;2017-09-13 10:49:02.743;Goiá 2
0300D0D3-778D-4F08-9F0E-C32A4A1457BD;0AA91E1E-042A-E711-80BB-001EC9E44883;1;2017-09-13 10:49:02.763;Goiá 2 Complemento
AFB67997-C4A7-4BE8-9EB6-34F08E6F0A64;0AA91E1E-042A-E711-80BB-001EC9E44883;1;2017-09-13 10:49:02.753;Goiá IV
6A4067CB-39E0-4E2F-80ED-92DA3EDF17B8;0AA91E1E-042A-E711-80BB-001EC9E44883;1;2017-09-13 10:49:02.763;Goiá Setor Veloso
43EFD213-396C-4566-A393-CE207A3DB202;0AA91E1E-042A-E711-80BB-001EC9E44883;1;2017-09-13 10:49:02.980;Granja Agrícola Jacirema
20CAD330-EE51-4830-BD23-BE9F2A48A371;0AA91E1E-042A-E711-80BB-001EC9E44883;1;2017-09-13 10:49:02.920;Granja Cruzeiro do Sul
1C49C336-32EA-4E9E-A30A-CD3F3A504FBC;0AA91E1E-042A-E711-80BB-001EC9E44883;1;2017-09-13 10:49:02.290;Granja Santos Dumont
8398FD8D-4A9E-4F88-BEC1-C09AE3C1971A;0AA91E1E-042A-E711-80BB-001EC9E44883;1;2017-09-13 10:49:02.280;Industrial Mooca
4BDD4B90-764A-4A98-8D3E-CD884F6E7C0E;0AA91E1E-042A-E711-80BB-001EC9E44883;1;2017-09-13 10:49:02.327;Ipiranga
E4E61166-ACFB-4E7C-9525-A2FCA003FC45;0AA91E1E-042A-E711-80BB-001EC9E44883;1;2017-09-13 10:49:03.103;Jardim Abaporu
EB84DE92-7B83-4A57-98D0-26E46123C0E7;0AA91E1E-042A-E711-80BB-001EC9E44883;1;2017-09-13 10:49:02.183;Jardim Alphaville
D7BE0DE1-141E-4096-9D59-063B0255D62E;0AA91E1E-042A-E711-80BB-001EC9E44883;1;2017-09-13 10:49:01.627;Jardim América
96CB2516-DFA6-446A-90C2-E11CA5822563;0AA91E1E-042A-E711-80BB-001EC9E44883;1;2017-09-13 10:49:01.653;Jardim Ana Lúcia
3096BAC4-1035-44D9-8D46-72065BA86E3B;0AA91E1E-042A-E711-80BB-001EC9E44883;1;2017-09-13 10:49:02.167;Jardim Aritana
C7A0600A-95AC-47F1-A23F-88AF8577429E;0AA91E1E-042A-E711-80BB-001EC9E44883;1;2017-09-13 10:49:01.703;Jardim Atlântico
F0F380B4-8D21-4482-A58E-0E17B9D2A099;0AA91E1E-042A-E711-80BB-001EC9E44883;1;2017-09-13 10:49:02.947;Jardim Balneário Meia Ponte
6ADE49E9-24D5-4ABD-8472-906386A989D7;0AA91E1E-042A-E711-80BB-001EC9E44883;1;2017-09-13 10:49:03.130;Jardim Bela Vista
7510B804-EC7D-48A6-89CE-7D6AAC4BDBE0;0AA91E1E-042A-E711-80BB-001EC9E44883;1;2017-09-13 10:49:02.960;Jardim Belvedere
9842A2FA-CA46-4E2D-BB41-449CC4DA3D12;0AA91E1E-042A-E711-80BB-001EC9E44883;1;2017-09-13 10:49:03.017;Jardim Bom Jesus
FF7FB029-8A0D-474B-8FCB-BB2D5EE6BC35;0AA91E1E-042A-E711-80BB-001EC9E44883;1;2017-09-13 10:49:02.400;Jardim Bonanza
C2BB7EF9-0E95-4324-8996-C5105F66DE74;0AA91E1E-042A-E711-80BB-001EC9E44883;1;2017-09-13 10:49:02.137;Jardim Botânico
E35D3884-B989-4291-8775-5C8464446328;0AA91E1E-042A-E711-80BB-001EC9E44883;1;2017-09-13 10:49:03.043;Jardim Brasil
05526812-9962-4B09-A1D5-76FEE2F5C762;0AA91E1E-042A-E711-80BB-001EC9E44883;1;2017-09-13 10:49:03.043;Jardim Califórnia
DFAD32CF-6D21-4C05-B38F-52D3E995E59C;0AA91E1E-042A-E711-80BB-001EC9E44883;1;2017-09-13 10:49:03.037;Jardim Califórnia Parque Industrial
D56D7E86-3B8F-4BB2-985E-D9443811D637;0AA91E1E-042A-E711-80BB-001EC9E44883;1;2017-09-13 10:49:01.737;Jardim Caravelas
639F4D39-A92C-4645-8B46-71EDFA8C40A2;0AA91E1E-042A-E711-80BB-001EC9E44883;1;2017-09-13 10:49:02.383;Jardim Clarissa
2330A7A7-AFD3-4079-8C14-6FF9CA9190B5;0AA91E1E-042A-E711-80BB-001EC9E44883;1;2017-09-13 10:49:02.527;Jardim Colorado
CB27B768-7E09-4CF7-9328-BD0E71366666;0AA91E1E-042A-E711-80BB-001EC9E44883;1;2017-09-13 10:49:02.547;Jardim Colorado Extensão
147CC252-1C79-4E2F-8339-F8BB8AA6FA77;0AA91E1E-042A-E711-80BB-001EC9E44883;1;2017-09-13 10:49:02.553;Jardim Colorado I
5E86AF8A-54B8-4C03-90B2-A92B3FBEDC8E;0AA91E1E-042A-E711-80BB-001EC9E44883;1;2017-09-13 10:49:02.557;Jardim Colorado II
1B9BAB41-B2CD-4762-8CBB-76EAF7B0B102;0AA91E1E-042A-E711-80BB-001EC9E44883;1;2017-09-13 10:49:02.547;Jardim Colorado Sul
4CD07FFF-AB41-467B-980F-0977C3E336DC;0AA91E1E-042A-E711-80BB-001EC9E44883;1;2017-09-13 10:49:03.073;Jardim Conquista
72B6BD59-EDE5-4BE8-B622-B3BCFB632327;0AA91E1E-042A-E711-80BB-001EC9E44883;1;2017-09-13 10:49:02.163;Jardim Corte Real
DFFCA26B-8C8C-4834-8497-DAC717A64F10;0AA91E1E-042A-E711-80BB-001EC9E44883;1;2017-09-13 10:49:02.627;Jardim Curitiba
29956B9B-9EA6-4E9F-AF83-BE9D52CAB1B3;0AA91E1E-042A-E711-80BB-001EC9E44883;1;2017-09-13 10:49:03.123;Jardim da Luz
26440636-C078-4EEF-9BBD-FC1E06241DEF;0AA91E1E-042A-E711-80BB-001EC9E44883;1;2017-09-13 10:49:03.083;Jardim das Aroeiras
61FFC0BA-A407-4BBD-95A1-59D2DF0AD2ED;0AA91E1E-042A-E711-80BB-001EC9E44883;1;2017-09-13 10:49:03.120;Jardim das Esmeraldas
889F2763-1DA2-4CAD-84C1-770705D56484;0AA91E1E-042A-E711-80BB-001EC9E44883;1;2017-09-13 10:49:02.530;Jardim das Hortências
7562D951-AC69-4A20-A8D1-824BE94F9CF0;0AA91E1E-042A-E711-80BB-001EC9E44883;1;2017-09-13 10:49:02.730;Jardim das Rosas
C3B67AAF-BB5B-48B8-B07B-E14280CE5F2C;0AA91E1E-042A-E711-80BB-001EC9E44883;1;2017-09-13 10:49:02.923;Jardim Diamantina
6ECC8161-1126-4142-BD28-CDF2966AF48E;0AA91E1E-042A-E711-80BB-001EC9E44883;1;2017-09-13 10:49:03.067;Jardim Dom Fernando I
6EB2DDC3-F079-4424-8C8E-20743A5945D9;0AA91E1E-042A-E711-80BB-001EC9E44883;1;2017-09-13 10:49:03.067;Jardim Dom Fernando II
5779D6EE-533F-47C0-885F-F0824B1DE433;0AA91E1E-042A-E711-80BB-001EC9E44883;1;2017-09-13 10:49:02.177;Jardim Eli Forte
C778ECCC-3320-471C-8995-F817D52C4797;0AA91E1E-042A-E711-80BB-001EC9E44883;1;2017-09-13 10:49:02.100;Jardim Eli Fortes Complemento
8B9454D1-D462-47AB-A163-FCDB0840FC49;0AA91E1E-042A-E711-80BB-001EC9E44883;1;2017-09-13 10:49:01.677;Jardim Europa
9A0CE01E-EFE7-4FF5-8862-1386FBDB0B02;0AA91E1E-042A-E711-80BB-001EC9E44883;1;2017-09-13 10:49:01.710;Jardim Florença
D65E7564-368E-483C-83B8-B6D214C03B58;0AA91E1E-042A-E711-80BB-001EC9E44883;1;2017-09-13 10:49:02.957;Jardim Fonte Nova
1705FFF7-E75E-44EC-A8DD-0CAF76C740D0;0AA91E1E-042A-E711-80BB-001EC9E44883;1;2017-09-13 10:49:02.957;Jardim Fonte Nova I
7A8AE5BF-C25D-4E33-B7AE-BDD9E64681A9;0AA91E1E-042A-E711-80BB-001EC9E44883;1;2017-09-13 10:49:02.187;Jardim Gardênia
63106C38-E794-4ADB-8C0A-1D70C9962F04;0AA91E1E-042A-E711-80BB-001EC9E44883;1;2017-09-13 10:49:03.110;Jardim Goiás
3EB5C8B0-84B1-4543-B211-1805A854B91E;0AA91E1E-042A-E711-80BB-001EC9E44883;1;2017-09-13 10:49:02.943;Jardim Gramado
AC6945A3-7CBE-44E6-A7B6-A8D5CD8D14C7;0AA91E1E-042A-E711-80BB-001EC9E44883;1;2017-09-13 10:49:02.987;Jardim Guanabara
2F655A0B-C363-4D84-B653-A8A44EFB8769;0AA91E1E-042A-E711-80BB-001EC9E44883;1;2017-09-13 10:49:02.990;Jardim Guanabara II
C927264E-372B-4855-8C22-4C3E6EE79B0C;0AA91E1E-042A-E711-80BB-001EC9E44883;1;2017-09-13 10:49:02.997;Jardim Guanabara III
84435F23-1024-46D4-A142-FB4981A8EDCF;0AA91E1E-042A-E711-80BB-001EC9E44883;1;2017-09-13 10:49:02.997;Jardim Guanabara IV
D54595F6-73BC-4EA0-A8C4-95C92AB49899;0AA91E1E-042A-E711-80BB-001EC9E44883;1;2017-09-13 10:49:02.833;Jardim Imperial
B3DB7AFD-BB03-421C-B802-912AA2472FA9;0AA91E1E-042A-E711-80BB-001EC9E44883;1;2017-09-13 10:49:01.787;Jardim Ipanema
947B45F1-8F17-493B-BE58-FB09E8AC2854;0AA91E1E-042A-E711-80BB-001EC9E44883;1;2017-09-13 10:49:02.953;Jardim Ipê
8E437749-E79B-4673-9F64-A228ED0ABF8F;0AA91E1E-042A-E711-80BB-001EC9E44883;1;2017-09-13 10:49:01.780;Jardim Itaipu
4BF1EBCC-B19A-48D2-B5E2-F78A4F6A80CC;0AA91E1E-042A-E711-80BB-001EC9E44883;1;2017-09-13 10:49:02.557;Jardim Lago Azul
431F44B5-21F5-4DF5-9797-7B51CE10C343;0AA91E1E-042A-E711-80BB-001EC9E44883;1;2017-09-13 10:49:03.100;Jardim Lajeado
96B38E30-DF6D-4923-8637-3497CA82CFB9;0AA91E1E-042A-E711-80BB-001EC9E44883;1;2017-09-13 10:49:02.343;Jardim Leblon
1B778031-448D-45EE-99CA-46FB6ACD1DC0;0AA91E1E-042A-E711-80BB-001EC9E44883;1;2017-09-13 10:49:02.347;Jardim Leblon II
B7EBEDD1-BA51-4265-8830-A7B321EA804B;0AA91E1E-042A-E711-80BB-001EC9E44883;1;2017-09-13 10:49:02.577;Jardim Liberdade
B728FC51-7950-4F04-A270-3F0CAEAF5293;0AA91E1E-042A-E711-80BB-001EC9E44883;1;2017-09-13 10:49:03.120;Jardim Luz
EA796819-BB80-4475-BE92-C2EE6FC42927;0AA91E1E-042A-E711-80BB-001EC9E44883;1;2017-09-13 10:49:03.080;Jardim Maria Helena
65BA38D0-A6B3-4016-A65B-46BE57C7E673;0AA91E1E-042A-E711-80BB-001EC9E44883;1;2017-09-13 10:49:03.140;Jardim Mariliza
34AB3A2F-C72A-476B-86E7-BEF4BAFDCB45;0AA91E1E-042A-E711-80BB-001EC9E44883;1;2017-09-13 10:49:02.167;Jardim Marques de Abreu
F15BBD9C-6B85-4E99-8B8D-714E5AB741FC;0AA91E1E-042A-E711-80BB-001EC9E44883;1;2017-09-13 10:49:02.743;Jardim Mirabel
B672B037-BD9D-4F88-8ED2-760454733C99;0AA91E1E-042A-E711-80BB-001EC9E44883;1;2017-09-13 10:49:02.420;Jardim Nova Esperança
468E0FC2-15D5-4598-9CA4-89EFBA644F2B;0AA91E1E-042A-E711-80BB-001EC9E44883;1;2017-09-13 10:49:03.037;Jardim Novo Mundo
62EA75B9-E94D-4014-9B93-6DEBC8799296;0AA91E1E-042A-E711-80BB-001EC9E44883;1;2017-09-13 10:49:03.040;Jardim Novo Mundo Extensão
A30BF1BA-2563-4C11-B850-4D2EB6320C54;0AA91E1E-042A-E711-80BB-001EC9E44883;1;2017-09-13 10:49:03.040;Jardim Novo Mundo II
EDA6DBF6-3E44-45E5-BE02-4A38745429AE;0AA91E1E-042A-E711-80BB-001EC9E44883;1;2017-09-13 10:49:02.410;Jardim Novo Petrópolis
26ECD6EA-C8CF-43D1-A68A-E9CA1B6267F7;0AA91E1E-042A-E711-80BB-001EC9E44883;1;2017-09-13 10:49:02.363;Jardim Pampulha
25154873-CFAD-4CED-940F-495E2126441E;0AA91E1E-042A-E711-80BB-001EC9E44883;1;2017-09-13 10:49:02.370;Jardim Petrópolis
EF0F7136-3A8B-4F5A-AC22-63E99B3AF9A7;0AA91E1E-042A-E711-80BB-001EC9E44883;1;2017-09-13 10:49:01.677;Jardim Planalto
53AE447B-D59C-47FE-94C0-368304962EEF;0AA91E1E-042A-E711-80BB-001EC9E44883;1;2017-09-13 10:49:01.717;Jardim Presidente
BDA802C0-F5A0-40EF-A568-866C51B40031;0AA91E1E-042A-E711-80BB-001EC9E44883;1;2017-09-13 10:49:02.840;Jardim Real
AEFEC79D-2620-431E-BE06-1B62F44B1A35;0AA91E1E-042A-E711-80BB-001EC9E44883;1;2017-09-13 10:49:02.937;Jardim Santa Cecília
830533D5-A943-4DF5-B881-687283EEEFDF;0AA91E1E-042A-E711-80BB-001EC9E44883;1;2017-09-13 10:49:03.127;Jardim Santo Antônio
B6762721-1C17-444E-A4B5-72BF136AC28F;0AA91E1E-042A-E711-80BB-001EC9E44883;1;2017-09-13 10:49:02.843;Jardim São José
9CB1C690-1D9A-4843-931F-FB7FFC50E8EB;0AA91E1E-042A-E711-80BB-001EC9E44883;1;2017-09-13 10:49:01.917;Jardim Sônia Maria
1400799B-32E3-4767-9682-44DC42BB7D72;0AA91E1E-042A-E711-80BB-001EC9E44883;1;2017-09-13 10:49:01.823;Jardim Vila Boa
C498B659-181A-49E7-A5F5-5F08380050F5;0AA91E1E-042A-E711-80BB-001EC9E44883;1;2017-09-13 10:49:02.533;Jardim Vista Bela
07C6CA16-8DE2-4DFF-8B6B-4A012ED36482;0AA91E1E-042A-E711-80BB-001EC9E44883;1;2017-09-13 10:49:03.140;Jardins Atenas
78358D17-DDE8-4534-A0C4-3A24422794E7;0AA91E1E-042A-E711-80BB-001EC9E44883;1;2017-09-13 10:49:01.817;Jardins Lisboa
9D41EBBF-E570-44FE-A380-D7715F40B2A3;0AA91E1E-042A-E711-80BB-001EC9E44883;1;2017-09-13 10:49:01.860;Jardins Madri
04B20985-E727-473E-85D3-A6F02B02F19A;0AA91E1E-042A-E711-80BB-001EC9E44883;1;2017-09-13 10:49:01.877;Jardins Madri Complemento
E19C898F-800F-4ECE-89EE-6519FE31BF3C;0AA91E1E-042A-E711-80BB-001EC9E44883;1;2017-09-13 10:49:03.143;Jardins Milão
920B8F60-63C1-4AA1-87D6-66CB2A5C7387;0AA91E1E-042A-E711-80BB-001EC9E44883;1;2017-09-13 10:49:03.147;Jardins Munique
58CEA4CA-D3C9-48E8-AC11-98348AF530B9;0AA91E1E-042A-E711-80BB-001EC9E44883;1;2017-09-13 10:49:03.143;Jardins Paris
DD36C94E-F5F0-48ED-8FBE-82ED6A6EF143;0AA91E1E-042A-E711-80BB-001EC9E44883;1;2017-09-13 10:49:03.143;Jardins Valência
76BE8165-5C3D-4467-894A-6915BA729AE2;0AA91E1E-042A-E711-80BB-001EC9E44883;1;2017-09-13 10:49:03.147;Jardins Verona
3BE73046-EC33-47F7-95D2-BAC6FC549E9B;0AA91E1E-042A-E711-80BB-001EC9E44883;1;2017-09-13 10:49:02.677;Lorena Parque
93AD4638-A427-4EA7-A18D-E25B99027556;0AA91E1E-042A-E711-80BB-001EC9E44883;1;2017-09-13 10:49:02.180;Loteamento Alphaville Residencial
FCFCA6EA-56C5-4B9C-B60B-968CBBDC95B4;0AA91E1E-042A-E711-80BB-001EC9E44883;1;2017-09-13 10:49:03.117;Loteamento Areião I
E2DD1AB1-172C-4C17-92EF-26ECE6A1F18E;0AA91E1E-042A-E711-80BB-001EC9E44883;1;2017-09-13 10:49:03.057;Loteamento Aruanã Park
B76A8583-ED0D-4C16-B7D6-22F851670149;0AA91E1E-042A-E711-80BB-001EC9E44883;1;2017-09-13 10:49:02.120;Loteamento Celina Park
6801FF93-F9D4-406D-87D9-7E907B248803;0AA91E1E-042A-E711-80BB-001EC9E44883;1;2017-09-13 10:49:03.000;Loteamento Estâncias Vista Alegre
9ED7AAD9-847E-4BAD-B45E-8F0277A0117D;0AA91E1E-042A-E711-80BB-001EC9E44883;1;2017-09-13 10:49:03.070;Loteamento Grande Retiro
FAAD9FAC-FD69-41FB-9E20-B61B5278F178;0AA91E1E-042A-E711-80BB-001EC9E44883;1;2017-09-13 10:49:02.953;Loteamento Mansões Goianas
C1C14FA2-EF08-44B8-A2F5-AFB42BDB745F;0AA91E1E-042A-E711-80BB-001EC9E44883;1;2017-09-13 10:49:02.980;Loteamento Mansões Pereira
198E82D1-A935-4063-AE9D-E1F6878FDDE8;0AA91E1E-042A-E711-80BB-001EC9E44883;1;2017-09-13 10:49:03.013;Loteamento Morada dos Sonhos
1C3D62CA-EA64-4891-8CBC-0CCDAEA182F9;0AA91E1E-042A-E711-80BB-001EC9E44883;1;2017-09-13 10:49:03.137;Loteamento Portal do Sol I
5A81022D-4BED-4FA0-946E-E00369B6C1CA;0AA91E1E-042A-E711-80BB-001EC9E44883;1;2017-09-13 10:49:03.140;Loteamento Portal do Sol II
4AEC4D0D-17EE-4AFA-BBED-4895DFE04F40;0AA91E1E-042A-E711-80BB-001EC9E44883;1;2017-09-13 10:49:01.800;Loteamento Quinta do Rio Dourados
5F7BA45E-D7F6-4E28-AFBB-7FC1DA6A0EC2;0AA91E1E-042A-E711-80BB-001EC9E44883;1;2017-09-13 10:49:02.670;Loteamento Tropical Verde
E5E11245-94D6-4286-B76F-8B510F95F5A7;0AA91E1E-042A-E711-80BB-001EC9E44883;1;2017-09-13 10:49:02.853;Loteamento Tropical Ville
66F0C117-A6FB-4795-89EA-55FCC8889BB8;0AA91E1E-042A-E711-80BB-001EC9E44883;1;2017-09-13 10:49:03.073;Loteamento Tupinambá dos Reis
02785047-4814-4BF1-BE4F-2BEA5899CBAD;0AA91E1E-042A-E711-80BB-001EC9E44883;1;2017-09-13 10:49:02.103;Moinho dos Ventos
C9B06DC5-45F3-4C65-B256-1992F25DD8E5;0AA91E1E-042A-E711-80BB-001EC9E44883;1;2017-09-13 10:49:02.280;Nossa Senhora de Fátima
20678A13-735E-4D38-97CB-DF59F311E842;0AA91E1E-042A-E711-80BB-001EC9E44883;1;2017-09-13 10:49:02.917;Panorama Parque
B2749214-48BA-403C-BDA9-725AA9639EE8;0AA91E1E-042A-E711-80BB-001EC9E44883;1;2017-09-13 10:49:03.137;Park Lozandes
E7DC9B1F-EA87-431F-9725-7FD2FDAD8533;0AA91E1E-042A-E711-80BB-001EC9E44883;1;2017-09-13 10:49:03.127;Parque Acalanto
C2E13B92-57AF-4E20-B17B-9148D8174980;0AA91E1E-042A-E711-80BB-001EC9E44883;1;2017-09-13 10:49:02.483;Parque Aeródromo Antônio Sebba Filho
8CF5AC42-6D39-4A07-80D5-A75D2CED7AC0;0AA91E1E-042A-E711-80BB-001EC9E44883;1;2017-09-13 10:49:03.120;Parque Amazônia
F3A30F4E-1DC2-4899-9477-843D20075F85;0AA91E1E-042A-E711-80BB-001EC9E44883;1;2017-09-13 10:49:01.687;Parque Anhanguera
13869900-4566-4E16-AD7B-D69E9B1664FF;0AA91E1E-042A-E711-80BB-001EC9E44883;1;2017-09-13 10:49:01.700;Parque Anhanguera II
1F11EB01-603C-478E-BE08-F0193B87C0B3;0AA91E1E-042A-E711-80BB-001EC9E44883;1;2017-09-13 10:49:03.147;Parque Atheneu
02C29F09-14A1-4CF6-A9AD-BF2837782744;0AA91E1E-042A-E711-80BB-001EC9E44883;1;2017-09-13 10:49:02.950;Parque Balneário
8EB14568-184C-4F03-9A09-DCFC07B51D86;0AA91E1E-042A-E711-80BB-001EC9E44883;1;2017-09-13 10:49:02.790;Parque Bom Jesus
B055BCF9-E694-40CE-8C32-714B9857F241;0AA91E1E-042A-E711-80BB-001EC9E44883;1;2017-09-13 10:49:02.753;Parque Buriti
FDF5B498-F9C6-47DB-BBC5-BB0D096A90EE;0AA91E1E-042A-E711-80BB-001EC9E44883;1;2017-09-13 10:49:03.090;Parque das Amendoeiras
51E8DD5F-BD05-4A75-86F1-4FCF73BBDB0D;0AA91E1E-042A-E711-80BB-001EC9E44883;1;2017-09-13 10:49:03.090;Parque das Amendoeiras I
ACFF11ED-AB27-4E4A-AD8E-AD0C6A306F83;0AA91E1E-042A-E711-80BB-001EC9E44883;1;2017-09-13 10:49:02.963;Parque das Flores
AFDB8559-8CD0-4582-8AD3-1A17E45D1E7E;0AA91E1E-042A-E711-80BB-001EC9E44883;1;2017-09-13 10:49:03.127;Parque das Laranjeiras
F34761BA-FB60-4E8A-ACEF-EF8445CD6863;0AA91E1E-042A-E711-80BB-001EC9E44883;1;2017-09-13 10:49:03.133;Parque das Laranjeiras Acréscimo
3F8230D5-21E6-450A-BAC1-EDB91797343C;0AA91E1E-042A-E711-80BB-001EC9E44883;1;2017-09-13 10:49:02.953;Parque das Nações
B091124B-6287-4144-80EA-2902BC1012CD;0AA91E1E-042A-E711-80BB-001EC9E44883;1;2017-09-13 10:49:01.863;Parque das Paineiras (1
05D34EA3-62D2-4166-B78B-3E37D48AF9E9;0AA91E1E-042A-E711-80BB-001EC9E44883;1;2017-09-13 10:49:02.793;Parque Eldorado Oeste
4C7F780D-4EB7-42A6-A3DB-348DB523C36A;0AA91E1E-042A-E711-80BB-001EC9E44883;1;2017-09-13 10:49:02.810;Parque Eldorado Oeste Extensão
7FB3EAFC-5BED-4A99-ACF2-5754B977014F;0AA91E1E-042A-E711-80BB-001EC9E44883;1;2017-09-13 10:49:03.130;Parque Flamboyant
A5033DF1-15DB-4390-A5FB-D18B655401EB;0AA91E1E-042A-E711-80BB-001EC9E44883;1;2017-09-13 10:49:02.970;Parque Industrial de Goiânia
BD49EBCE-51A4-42D0-B462-1D03FB9C4CED;0AA91E1E-042A-E711-80BB-001EC9E44883;1;2017-09-13 10:49:02.667;Parque Industrial João Bras 2
47823C37-3ED6-4E28-8FD2-60E4B86F8D3D;0AA91E1E-042A-E711-80BB-001EC9E44883;1;2017-09-13 10:49:02.660;Parque Industrial João Braz
F235164D-9FCB-4D66-8138-0E6B13DD103B;0AA91E1E-042A-E711-80BB-001EC9E44883;1;2017-09-13 10:49:02.390;Parque Industrial Paulista
3AAC038C-CD5D-445C-A593-64DF5AF6B6D5;0AA91E1E-042A-E711-80BB-001EC9E44883;1;2017-09-13 10:49:02.643;Parque Maracanã
47037E23-BF76-41E2-826A-FBD087D27E42;0AA91E1E-042A-E711-80BB-001EC9E44883;1;2017-09-13 10:49:02.120;Parque Oeste Industrial
5DE720D5-AAB0-4546-BB05-0E5BEB137BC8;0AA91E1E-042A-E711-80BB-001EC9E44883;1;2017-09-13 10:49:02.130;Parque Oeste Industrial Extensão
ACDDFF59-54BE-4F68-A902-7C6B61855450;0AA91E1E-042A-E711-80BB-001EC9E44883;1;2017-09-13 10:49:02.703;Parque Paraíso
23BF1510-E580-4491-AB3E-739F6CC14704;0AA91E1E-042A-E711-80BB-001EC9E44883;1;2017-09-13 10:49:03.130;Parque Santa Cruz
4FC4EDE8-4403-49D7-B591-33BE448F5FD4;0AA91E1E-042A-E711-80BB-001EC9E44883;1;2017-09-13 10:49:03.050;Parque Santa Maria
B4DF88B1-2297-4F87-8456-F49D5D3A44AC;0AA91E1E-042A-E711-80BB-001EC9E44883;1;2017-09-13 10:49:01.927;Parque Santa Rita
AC6BE2FA-96E0-4616-90F8-686120842F90;0AA91E1E-042A-E711-80BB-001EC9E44883;1;2017-09-13 10:49:03.023;Privê Residencial Elza Fronza
00279756-7049-43E8-B401-1D54B8BE41F9;0AA91E1E-042A-E711-80BB-001EC9E44883;1;2017-09-13 10:49:03.027;Privê Residencial Itanhangá
51403FAA-C05D-4837-9243-57F45E14673F;0AA91E1E-042A-E711-80BB-001EC9E44883;1;2017-09-13 10:49:02.960;Recanto Barravento
4A2E7C8A-BFE4-4E40-8454-65A20FC30202;0AA91E1E-042A-E711-80BB-001EC9E44883;1;2017-09-13 10:49:02.177;Recreio do Funcionário Público
B7F6D0D8-129B-4455-BA01-15ACB07C57C0;0AA91E1E-042A-E711-80BB-001EC9E44883;1;2017-09-13 10:49:02.940;Recreio Panorama
FB554C4A-8AFA-486A-9341-3671F9EED5C2;0AA91E1E-042A-E711-80BB-001EC9E44883;1;2017-09-13 10:49:02.400;Residencial 14 Bis
84571E68-2CE2-46EF-B6A0-00D8C264EB75;0AA91E1E-042A-E711-80BB-001EC9E44883;1;2017-09-13 10:49:02.417;Residencial 14 Bis Extensão
C4DB3D04-33F7-4B26-B224-9492737C6726;0AA91E1E-042A-E711-80BB-001EC9E44883;1;2017-09-13 10:49:02.990;Residencial Aldeia do Vale
96A541D8-F7B9-457A-A04F-B96DB792144A;0AA91E1E-042A-E711-80BB-001EC9E44883;1;2017-09-13 10:49:03.023;Residencial Alice Barbosa
C1B547B6-5757-4BD8-9BB9-B4DB1F9AD3D7;0AA91E1E-042A-E711-80BB-001EC9E44883;1;2017-09-13 10:49:03.023;Residencial Alice Barbosa Extensão
57F7E10E-72A6-45AF-B716-8068F9BC9C81;0AA91E1E-042A-E711-80BB-001EC9E44883;1;2017-09-13 10:49:03.137;Residencial Alphaville Flamboyant
C475ED87-05E1-4CC5-8D41-1AC57895922D;0AA91E1E-042A-E711-80BB-001EC9E44883;1;2017-09-13 10:49:01.797;Residencial Ana Clara
AD4A89EB-64D6-4717-995D-7111E0834382;0AA91E1E-042A-E711-80BB-001EC9E44883;1;2017-09-13 10:49:02.810;Residencial Ana Moraes
A211D5EC-3E18-4F20-B4DB-23EA49EC91AE;0AA91E1E-042A-E711-80BB-001EC9E44883;1;2017-09-13 10:49:02.537;Residencial Anglo
DB793225-57B1-43F9-841F-20E8B1822280;0AA91E1E-042A-E711-80BB-001EC9E44883;1;2017-09-13 10:49:02.773;Residencial Anicuns
9C7D4FF6-FD83-484A-8B03-F90A52FB24A4;0AA91E1E-042A-E711-80BB-001EC9E44883;1;2017-09-13 10:49:03.020;Residencial Antônio Barbosa
7B873793-348E-4BF0-BFCF-1A3765AFE8D6;0AA91E1E-042A-E711-80BB-001EC9E44883;1;2017-09-13 10:49:03.033;Residencial Antônio Carlos Pires
03BC16BC-0C3C-4A61-BE3B-18AE3CEEB26D;0AA91E1E-042A-E711-80BB-001EC9E44883;1;2017-09-13 10:49:01.937;Residencial Aquários
A12177F0-7E14-4CB0-B8FE-320CA68D0FBE;0AA91E1E-042A-E711-80BB-001EC9E44883;1;2017-09-13 10:49:01.840;Residencial Aquários II
04DEADF7-D4F0-4CF2-BBA3-F89831D62B1E;0AA91E1E-042A-E711-80BB-001EC9E44883;1;2017-09-13 10:49:03.150;Residencial Arco Verde
107464E6-23E1-46D6-8B81-10A25DDEF704;0AA91E1E-042A-E711-80BB-001EC9E44883;1;2017-09-13 10:49:03.050;Residencial Aruanã
17F1CA65-A067-4882-859E-AF26C9AFAD75;0AA91E1E-042A-E711-80BB-001EC9E44883;1;2017-09-13 10:49:03.030;Residencial Atalaia
68B115F2-6F65-4680-9220-55F2F72320E1;0AA91E1E-042A-E711-80BB-001EC9E44883;1;2017-09-13 10:49:02.950;Residencial Balneário
7B7D4511-55B5-4727-8F48-0BFFD9D93AFA;0AA91E1E-042A-E711-80BB-001EC9E44883;1;2017-09-13 10:49:01.760;Residencial Barcelona
A61CA126-B498-45A4-BE55-9BA3F290F562;0AA91E1E-042A-E711-80BB-001EC9E44883;1;2017-09-13 10:49:02.957;Residencial Barravento
FC9AEF3C-C62D-4E7A-8E75-D58B17F56150;0AA91E1E-042A-E711-80BB-001EC9E44883;1;2017-09-13 10:49:02.647;Residencial Beatriz Nascimento
137BD440-393F-4C23-97B2-FAD06C5D67BA;0AA91E1E-042A-E711-80BB-001EC9E44883;1;2017-09-13 10:49:03.007;Residencial Bela Goiânia
5D4B0473-23FF-4022-9D4A-601EDD13CECB;0AA91E1E-042A-E711-80BB-001EC9E44883;1;2017-09-13 10:49:03.103;Residencial Belo Horizonte
0E9D6A71-4D30-4275-8E0A-377F42242C7B;0AA91E1E-042A-E711-80BB-001EC9E44883;1;2017-09-13 10:49:03.103;Residencial Belo Horizonte Complemento
8D703294-A521-4984-AF5E-E4403E7A667D;0AA91E1E-042A-E711-80BB-001EC9E44883;1;2017-09-13 10:49:02.800;Residencial Bertim Belchior 1ª etapa
38A03683-CCAB-4CB0-BEB9-9622DAFE10EF;0AA91E1E-042A-E711-80BB-001EC9E44883;1;2017-09-13 10:49:02.803;Residencial Bertim Belchior 2ª etapa
40D6B320-A3A9-45EC-B730-98ED1948A9CC;0AA91E1E-042A-E711-80BB-001EC9E44883;1;2017-09-13 10:49:02.920;Residencial Bethel
0F4D71CC-3DD1-446C-A748-81238661D2A2;0AA91E1E-042A-E711-80BB-001EC9E44883;1;2017-09-13 10:49:02.510;Residencial Bosque dos Buritis
5DAEF952-7386-4881-9A2C-C3308866E514;0AA91E1E-042A-E711-80BB-001EC9E44883;1;2017-09-13 10:49:02.017;Residencial Brasil Central
521727B8-6217-485E-AA15-F1EDF0512E2E;0AA91E1E-042A-E711-80BB-001EC9E44883;1;2017-09-13 10:49:02.567;Residencial Brisas da Mata
D218E061-34DF-4F3F-9554-92FE15A18025;0AA91E1E-042A-E711-80BB-001EC9E44883;1;2017-09-13 10:49:03.150;Residencial Brisas do Cerrado
73BEAECF-D7FC-4DFF-A9A2-2DC152199938;0AA91E1E-042A-E711-80BB-001EC9E44883;1;2017-09-13 10:49:02.183;Residencial Buena Vista I
6EF66261-8CEE-4E5F-8E0D-F771522965B3;0AA91E1E-042A-E711-80BB-001EC9E44883;1;2017-09-13 10:49:02.183;Residencial Buena Vista II
1FFF21DA-41DE-4CD3-AEDB-F26EFB147143;0AA91E1E-042A-E711-80BB-001EC9E44883;1;2017-09-13 10:49:02.183;Residencial Buena Vista III
7D6B2D05-8232-4D15-ABED-933698264039;0AA91E1E-042A-E711-80BB-001EC9E44883;1;2017-09-13 10:49:02.187;Residencial Buena Vista IV
38104E75-7432-451E-9948-C650F17704D1;0AA91E1E-042A-E711-80BB-001EC9E44883;1;2017-09-13 10:49:01.807;Residencial Campos Dourados
BB664726-3955-4B4F-A457-89A150BF612E;0AA91E1E-042A-E711-80BB-001EC9E44883;1;2017-09-13 10:49:03.010;Residencial Campus
B5D8E8D8-5692-42AE-8BAE-19478395D4A1;0AA91E1E-042A-E711-80BB-001EC9E44883;1;2017-09-13 10:49:02.017;Residencial Canadá
EF66F17C-ADA4-4686-88E0-31DF46205498;0AA91E1E-042A-E711-80BB-001EC9E44883;1;2017-09-13 10:49:02.503;Residencial Carla Cristina
6A1A48B7-0BD1-485D-B4F6-78CB15BEBA2B;0AA91E1E-042A-E711-80BB-001EC9E44883;1;2017-09-13 10:49:02.683;Residencial Celeste
82E6AF20-202D-4FD0-A42F-0265CAF5A371;0AA91E1E-042A-E711-80BB-001EC9E44883;1;2017-09-13 10:49:01.853;Residencial Center Ville
4556A7B2-5AAD-45D4-8CA8-FD8A993B2E98;0AA91E1E-042A-E711-80BB-001EC9E44883;1;2017-09-13 10:49:02.360;Residencial Cidade Verde
436BD6E2-271D-4213-97A9-6F07360A4297;0AA91E1E-042A-E711-80BB-001EC9E44883;1;2017-09-13 10:49:03.140;Residencial Cléa Borges
E11917A7-EFC3-4B72-A892-A1A7CD37A639;0AA91E1E-042A-E711-80BB-001EC9E44883;1;2017-09-13 10:49:03.097;Residencial Costa Paranhos
F071E275-303D-454F-A989-AAA217ED4DCD;0AA91E1E-042A-E711-80BB-001EC9E44883;1;2017-09-13 10:49:02.967;Residencial das Acácias
68627D26-3A47-44DC-9463-C7D2A3EC4639;0AA91E1E-042A-E711-80BB-001EC9E44883;1;2017-09-13 10:49:02.147;Residencial Della Penna
602E1605-775B-4600-B6EE-371333346869;0AA91E1E-042A-E711-80BB-001EC9E44883;1;2017-09-13 10:49:02.160;Residencial Della Penna Extensão
CF313BD0-F38F-44EB-820A-EBB3B2602DDB;0AA91E1E-042A-E711-80BB-001EC9E44883;1;2017-09-13 10:49:02.840;Residencial Dezopi
5D61AF25-D088-4B9F-A018-8AC05B3D57A5;0AA91E1E-042A-E711-80BB-001EC9E44883;1;2017-09-13 10:49:02.130;Residencial Dom Rafael
4F2F39FF-1F21-4BB0-950D-67DAA4BA8728;0AA91E1E-042A-E711-80BB-001EC9E44883;1;2017-09-13 10:49:03.030;Residencial dos Ipês
D861454E-544F-4F99-A6F5-E9A884D30457;0AA91E1E-042A-E711-80BB-001EC9E44883;1;2017-09-13 10:49:03.030;Residencial dos Ipês Extensão
ECB34CC1-A44E-43E6-8D6D-9D53CC372FB3;0AA91E1E-042A-E711-80BB-001EC9E44883;1;2017-09-13 10:49:01.850;Residencial Eldorado
1DBB0CF3-A058-4987-BF04-4F96AF1CD979;0AA91E1E-042A-E711-80BB-001EC9E44883;1;2017-09-13 10:49:02.130;Residencial Eldorado Expansão
EE8D8220-5524-4220-AB77-7931821BDBEF;0AA91E1E-042A-E711-80BB-001EC9E44883;1;2017-09-13 10:49:02.043;Residencial Eli Forte
8B1316A8-4AC1-4BB7-B58E-8C32385842AA;0AA91E1E-042A-E711-80BB-001EC9E44883;1;2017-09-13 10:49:02.063;Residencial Eli Forte Extensão
3E850702-8178-47DD-8293-9446C844AA35;0AA91E1E-042A-E711-80BB-001EC9E44883;1;2017-09-13 10:49:03.000;Residencial Felicidade
227E5A08-AD5F-4147-8284-6F63B758761F;0AA91E1E-042A-E711-80BB-001EC9E44883;1;2017-09-13 10:49:02.110;Residencial Fidelis
97607626-36A7-454A-AE13-CA29D5A89417;0AA91E1E-042A-E711-80BB-001EC9E44883;1;2017-09-13 10:49:01.717;Residencial Flamingo
42210436-6C9E-46C1-A6C6-2A5DED5A64E2;0AA91E1E-042A-E711-80BB-001EC9E44883;1;2017-09-13 10:49:02.080;Residencial Flórida
8AC44AEA-594B-4CC9-BAFF-A7BF0311F0D6;0AA91E1E-042A-E711-80BB-001EC9E44883;1;2017-09-13 10:49:02.640;Residencial Fonte das Águas
F4CAABFB-952A-4CD1-A017-6024AC4CC208;0AA91E1E-042A-E711-80BB-001EC9E44883;1;2017-09-13 10:49:02.577;Residencial Fortaleza
669CD89E-7AB4-4AA0-A598-3FBAD4652F35;0AA91E1E-042A-E711-80BB-001EC9E44883;1;2017-09-13 10:49:02.023;Residencial Forteville
B26F7E64-E487-40B4-A36F-38BF0A61E47E;0AA91E1E-042A-E711-80BB-001EC9E44883;1;2017-09-13 10:49:02.037;Residencial Forteville Extensão
7B315E4B-1D42-4712-A487-AB0387291A77;0AA91E1E-042A-E711-80BB-001EC9E44883;1;2017-09-13 10:49:03.140;Residencial Goiânia Golfe Clube
5198EA1D-59D7-465D-A2A4-C807D92E97A0;0AA91E1E-042A-E711-80BB-001EC9E44883;1;2017-09-13 10:49:02.710;Residencial Goiânia Viva
5683C390-46A8-4486-BC40-53B03A47D4A6;0AA91E1E-042A-E711-80BB-001EC9E44883;1;2017-09-13 10:49:02.733;Residencial Goyaz Park
5038F7F4-B4B5-4E3C-A2D7-F8CFB899B4CE;0AA91E1E-042A-E711-80BB-001EC9E44883;1;2017-09-13 10:49:01.833;Residencial Granville
D9DDB480-3FCA-4171-B4BF-4373620F985C;0AA91E1E-042A-E711-80BB-001EC9E44883;1;2017-09-13 10:49:02.633;Residencial Green Park
C284A8D0-BAC0-47DC-B487-0E4106BFF029;0AA91E1E-042A-E711-80BB-001EC9E44883;1;2017-09-13 10:49:02.997;Residencial Guanabara
3026CAC9-7EC6-4BF6-B64C-92FE7CF9A342;0AA91E1E-042A-E711-80BB-001EC9E44883;1;2017-09-13 10:49:02.927;Residencial Guarema
AD0141E0-5C23-4C5E-B8DB-7CE06AC428FE;0AA91E1E-042A-E711-80BB-001EC9E44883;1;2017-09-13 10:49:03.097;Residencial Havaí
382BB5B8-FFF4-45B1-A145-96473A258C1B;0AA91E1E-042A-E711-80BB-001EC9E44883;1;2017-09-13 10:49:03.097;Residencial Havaí Extensão
BE2BB73F-D689-4D4E-890F-BC72D054740F;0AA91E1E-042A-E711-80BB-001EC9E44883;1;2017-09-13 10:49:02.923;Residencial Hugo de Moraes
980B1058-54AD-433B-A6E1-80060A2B51B3;0AA91E1E-042A-E711-80BB-001EC9E44883;1;2017-09-13 10:49:02.960;Residencial Humaitá
265AC7A2-F0AB-4D35-9CC1-3DED4E960B3D;0AA91E1E-042A-E711-80BB-001EC9E44883;1;2017-09-13 10:49:01.793;Residencial Itaipu
0C6D5BD5-F58D-4F3F-B7FB-C05DB27EA61E;0AA91E1E-042A-E711-80BB-001EC9E44883;1;2017-09-13 10:49:01.793;Residencial Itaipu I
3B18133E-C2A1-41AC-82D5-CC772332D906;0AA91E1E-042A-E711-80BB-001EC9E44883;1;2017-09-13 10:49:02.967;Residencial Itália
50CE538C-FEAF-4C1F-9CB9-32C6BE48BB3C;0AA91E1E-042A-E711-80BB-001EC9E44883;1;2017-09-13 10:49:02.930;Residencial Itamaracá
4B1ACC67-6ED5-4B58-9D9D-E7E0ECDE355A;0AA91E1E-042A-E711-80BB-001EC9E44883;1;2017-09-13 10:49:02.960;Residencial Jardim Belvedere Expansão
39DF62C1-2383-4758-B335-3DF6B5C30315;0AA91E1E-042A-E711-80BB-001EC9E44883;1;2017-09-13 10:49:02.500;Residencial Jardim Camargo
0071A1C1-63C3-4DDA-B2B6-179E2314D280;0AA91E1E-042A-E711-80BB-001EC9E44883;1;2017-09-13 10:49:02.497;Residencial Jardim Helou
3C70233D-E003-4E69-AAB1-F5D79D1E14E6;0AA91E1E-042A-E711-80BB-001EC9E44883;1;2017-09-13 10:49:02.353;Residencial Jardim Leblon
20D701BD-DB2B-4F3B-81C4-913681D750DE;0AA91E1E-042A-E711-80BB-001EC9E44883;1;2017-09-13 10:49:02.813;Residencial Jardins do Cerrado 1
E2C680E1-3230-4699-AF67-D893FAA3878D;0AA91E1E-042A-E711-80BB-001EC9E44883;1;2017-09-13 10:49:02.830;Residencial Jardins do Cerrado 10
84879590-A341-4DA4-93B9-76A210B522A0;0AA91E1E-042A-E711-80BB-001EC9E44883;1;2017-09-13 10:49:02.830;Residencial Jardins do Cerrado 11
7DD962E1-AAB0-48FB-9607-ECDE9E48BB02;0AA91E1E-042A-E711-80BB-001EC9E44883;1;2017-09-13 10:49:02.823;Residencial Jardins do Cerrado 2
02CBE145-128F-42B5-ADC0-C6A95AF3D61A;0AA91E1E-042A-E711-80BB-001EC9E44883;1;2017-09-13 10:49:02.817;Residencial Jardins do Cerrado 3
B46C22E9-31A4-4FEE-A46D-C25AB99E3763;0AA91E1E-042A-E711-80BB-001EC9E44883;1;2017-09-13 10:49:02.827;Residencial Jardins do Cerrado 4
7BB93884-7733-4D69-BD1D-CC22F606B986;0AA91E1E-042A-E711-80BB-001EC9E44883;1;2017-09-13 10:49:02.827;Residencial Jardins do Cerrado 5
EB412378-08C3-46AB-9F24-8576ACCFA2DF;0AA91E1E-042A-E711-80BB-001EC9E44883;1;2017-09-13 10:49:02.827;Residencial Jardins do Cerrado 6
F998E5D1-5E3A-45B9-9D46-246B1F92DEAD;0AA91E1E-042A-E711-80BB-001EC9E44883;1;2017-09-13 10:49:02.827;Residencial Jardins do Cerrado 7
AA36B4C5-BB5E-481A-830E-345134A3AE51;0AA91E1E-042A-E711-80BB-001EC9E44883;1;2017-09-13 10:49:02.830;Residencial Jardins do Cerrado 8
E27F8B83-DDDB-468F-8031-21706C8D3C17;0AA91E1E-042A-E711-80BB-001EC9E44883;1;2017-09-13 10:49:02.830;Residencial Jardins do Cerrado 9
A2D93B84-CEE7-4AE8-A419-5D6957E83129;0AA91E1E-042A-E711-80BB-001EC9E44883;1;2017-09-13 10:49:03.003;Residencial João Paulo II
3EB9A5B3-0CBC-4A5F-8C20-044A60AE0FD2;0AA91E1E-042A-E711-80BB-001EC9E44883;1;2017-09-13 10:49:02.960;Residencial José Viandeli
285AA277-60EB-43DA-BF46-F3008C3CF800;0AA91E1E-042A-E711-80BB-001EC9E44883;1;2017-09-13 10:49:02.837;Residencial Junqueira
DE567548-F4D4-42E7-B15B-308E5D089FC3;0AA91E1E-042A-E711-80BB-001EC9E44883;1;2017-09-13 10:49:02.207;Residencial Kátia
8799089F-2079-4B95-920A-FAAFED3BAF0E;0AA91E1E-042A-E711-80BB-001EC9E44883;1;2017-09-13 10:49:02.950;Residencial Licardino Ney
5B85D1F0-07A3-4CFE-9B27-060AF4A3A4ED;0AA91E1E-042A-E711-80BB-001EC9E44883;1;2017-09-13 10:49:01.817;Residencial Linda Vista
993A5429-D92B-4D23-A7BC-2D57129C9C31;0AA91E1E-042A-E711-80BB-001EC9E44883;1;2017-09-13 10:49:02.803;Residencial Lírios do Campo
16C9FCBB-083A-4914-BA11-F54FEB461A32;0AA91E1E-042A-E711-80BB-001EC9E44883;1;2017-09-13 10:49:02.510;Residencial London Park
429D57A2-D8A9-4D8C-9E3D-769E25C99E9D;0AA91E1E-042A-E711-80BB-001EC9E44883;1;2017-09-13 10:49:02.680;Residencial Luana Park
75056EB3-EB44-4FB8-AD74-634D0B2B98F4;0AA91E1E-042A-E711-80BB-001EC9E44883;1;2017-09-13 10:49:01.643;Residencial Manhattan
24E69D44-6BEE-4728-9579-1766CE3E2F6F;0AA91E1E-042A-E711-80BB-001EC9E44883;1;2017-09-13 10:49:02.633;Residencial Mansões Paraíso
4FD5405A-EBE8-4FBD-80B6-3056DD793887;0AA91E1E-042A-E711-80BB-001EC9E44883;1;2017-09-13 10:49:03.070;Residencial Mar Del Plata
5406F00A-BA13-4511-857B-4C8E39F537A6;0AA91E1E-042A-E711-80BB-001EC9E44883;1;2017-09-13 10:49:02.963;Residencial Maria Lourença
01CAEA5B-4797-4818-8A69-3B9ACAA74D11;0AA91E1E-042A-E711-80BB-001EC9E44883;1;2017-09-13 10:49:02.520;Residencial Maringá
1E22AC5D-A781-4BC6-A607-F74E99A2C57D;0AA91E1E-042A-E711-80BB-001EC9E44883;1;2017-09-13 10:49:02.847;Residencial Mendanha
91E71E58-E4B9-4453-B7BC-D01273921AE9;0AA91E1E-042A-E711-80BB-001EC9E44883;1;2017-09-13 10:49:02.963;Residencial Mirante
1B7429D7-B2FE-418E-80D4-0C22148EA969;0AA91E1E-042A-E711-80BB-001EC9E44883;1;2017-09-13 10:49:01.907;Residencial Monte Carlo
2275623D-2325-48A4-9E15-D1E44047947B;0AA91E1E-042A-E711-80BB-001EC9E44883;1;2017-09-13 10:49:02.843;Residencial Monte Pascoal
A431C6C5-010B-4C24-B3C1-9B91714338F1;0AA91E1E-042A-E711-80BB-001EC9E44883;1;2017-09-13 10:49:02.993;Residencial Monte Verde
A457DAF6-7395-42E8-8EB8-CEA7A31633C3;0AA91E1E-042A-E711-80BB-001EC9E44883;1;2017-09-13 10:49:03.010;Residencial Morada do Bosque
32600F89-9122-49D3-8951-F8F4B46AE140;0AA91E1E-042A-E711-80BB-001EC9E44883;1;2017-09-13 10:49:03.027;Residencial Morada do Ipê
9B297A25-C27A-4327-9450-27B2F3785C54;0AA91E1E-042A-E711-80BB-001EC9E44883;1;2017-09-13 10:49:02.927;Residencial Morumbi
89FBBE93-B909-46AC-AB40-780D6097930D;0AA91E1E-042A-E711-80BB-001EC9E44883;1;2017-09-13 10:49:02.833;Residencial Mundo Novo 1
46E91ABF-3991-453D-8286-277CF130B753;0AA91E1E-042A-E711-80BB-001EC9E44883;1;2017-09-13 10:49:02.830;Residencial Mundo Novo 2
316B09D5-1C21-4AD4-BE5F-4D554584C619;0AA91E1E-042A-E711-80BB-001EC9E44883;1;2017-09-13 10:49:02.820;Residencial Mundo Novo 3
4C088789-E651-4FAE-A342-E21FDF642B5F;0AA91E1E-042A-E711-80BB-001EC9E44883;1;2017-09-13 10:49:02.497;Residencial Noroeste
846485BA-4D07-40FF-8D18-7B23D0073CFD;0AA91E1E-042A-E711-80BB-001EC9E44883;1;2017-09-13 10:49:03.017;Residencial Nossa Morada
27BE0AF1-FF1D-4633-B3F5-FEC545BDA29F;0AA91E1E-042A-E711-80BB-001EC9E44883;1;2017-09-13 10:49:02.850;Residencial Nova Aurora
A5494852-E0FC-4DB0-9813-746F140AE838;0AA91E1E-042A-E711-80BB-001EC9E44883;1;2017-09-13 10:49:02.173;Residencial Nunes de Morais 1ª Etapa
7685B7B2-C766-4D03-9335-4004FB73F7E2;0AA91E1E-042A-E711-80BB-001EC9E44883;1;2017-09-13 10:49:02.173;Residencial Nunes de Morais 2ª Etapa
9A92C7EB-5450-4BF6-83BA-0879B604936B;0AA91E1E-042A-E711-80BB-001EC9E44883;1;2017-09-13 10:49:02.173;Residencial Nunes de Morais 3ª Etapa
54EC5764-C188-4970-A33C-6B0368E72C37;0AA91E1E-042A-E711-80BB-001EC9E44883;1;2017-09-13 10:49:03.047;Residencial Olinda
C0444B1D-2522-4125-85A7-F1502BE04FE8;0AA91E1E-042A-E711-80BB-001EC9E44883;1;2017-09-13 10:49:03.030;Residencial Orlando Morais
1DA5F95C-AB26-4697-A32B-6A6C2D8711CC;0AA91E1E-042A-E711-80BB-001EC9E44883;1;2017-09-13 10:49:02.490;Residencial Park Solar
17485186-8597-4FE8-8280-B4FBBA50B02F;0AA91E1E-042A-E711-80BB-001EC9E44883;1;2017-09-13 10:49:02.367;Residencial Parque Mendanha
A6B9A43B-1828-43FF-BA43-919C6EF9C767;0AA91E1E-042A-E711-80BB-001EC9E44883;1;2017-09-13 10:49:02.120;Residencial Parque Oeste
0C6BECF0-6013-4485-BAC9-4DA08B303503;0AA91E1E-042A-E711-80BB-001EC9E44883;1;2017-09-13 10:49:03.107;Residencial Paulo Estrela
C7F0FDD3-16E1-4D95-95DD-18A4B9D132B7;0AA91E1E-042A-E711-80BB-001EC9E44883;1;2017-09-13 10:49:02.933;Residencial Perim
4B4BB150-A3D8-4CCC-BE64-152F05A82B27;0AA91E1E-042A-E711-80BB-001EC9E44883;1;2017-09-13 10:49:02.373;Residencial Petrópolis
F9661B0E-5F6F-446D-83CD-B0970212C4D3;0AA91E1E-042A-E711-80BB-001EC9E44883;1;2017-09-13 10:49:02.840;Residencial Pilar dos Sonhos
A7CFCE67-19BB-4B52-8757-444BF1C516C7;0AA91E1E-042A-E711-80BB-001EC9E44883;1;2017-09-13 10:49:02.177;Residencial Ponta Negra
13C5C4E5-A892-4CA3-B269-58749BF041CE;0AA91E1E-042A-E711-80BB-001EC9E44883;1;2017-09-13 10:49:03.007;Residencial Portal da Mata
26479B6A-952C-49F4-8B8C-C5D4CAC1C44E;0AA91E1E-042A-E711-80BB-001EC9E44883;1;2017-09-13 10:49:02.833;Residencial Portinari
D9082C3A-83D7-41CB-A7F4-2C1C3EDA206E;0AA91E1E-042A-E711-80BB-001EC9E44883;1;2017-09-13 10:49:01.837;Residencial Porto Seguro
8034183A-151E-4119-A1F8-09D892546509;0AA91E1E-042A-E711-80BB-001EC9E44883;1;2017-09-13 10:49:03.107;Residencial Português
31F45FF0-6085-45DD-BFA8-3CA85DC69F78;0AA91E1E-042A-E711-80BB-001EC9E44883;1;2017-09-13 10:49:02.840;Residencial Primavera
97391F87-AC81-4142-8D6A-5BA2044EC2E6;0AA91E1E-042A-E711-80BB-001EC9E44883;1;2017-09-13 10:49:02.543;Residencial Privê Norte
5A053FC5-D95D-4B7C-8D26-C7CD1202B3B8;0AA91E1E-042A-E711-80BB-001EC9E44883;1;2017-09-13 10:49:02.163;Residencial Real
3C819A8A-6394-4E80-A1B4-A8148507BBEB;0AA91E1E-042A-E711-80BB-001EC9E44883;1;2017-09-13 10:49:01.790;Residencial Real Conquista
8B4563CE-E4AE-43F1-AF90-1689919908F8;0AA91E1E-042A-E711-80BB-001EC9E44883;1;2017-09-13 10:49:02.750;Residencial Recanto das Garças
28817A4D-6D29-46FD-B522-F8A53300FCFB;0AA91E1E-042A-E711-80BB-001EC9E44883;1;2017-09-13 10:49:02.540;Residencial Recanto do Bosque
FE105952-C2DE-46F4-BCE2-A99152EE40BD;0AA91E1E-042A-E711-80BB-001EC9E44883;1;2017-09-13 10:49:03.147;Residencial Recanto dos Buritis
DEC7CD0C-59BB-4915-8FA0-BA9B2B83B471;0AA91E1E-042A-E711-80BB-001EC9E44883;1;2017-09-13 10:49:02.940;Residencial Recreio Panorama
1C07BC29-12E7-44F9-AF33-47D699641A27;0AA91E1E-042A-E711-80BB-001EC9E44883;1;2017-09-13 10:49:02.940;Residencial Recreio Panorama Extensão
A22F14E0-8C3C-42D5-9225-2586DF22933F;0AA91E1E-042A-E711-80BB-001EC9E44883;1;2017-09-13 10:49:03.107;Residencial Rio Jordão
0083E079-C561-4D13-9519-D8BE4B11679D;0AA91E1E-042A-E711-80BB-001EC9E44883;1;2017-09-13 10:49:02.027;Residencial Rio Verde
606FFB44-5B4F-488C-90DB-A509B434DC38;0AA91E1E-042A-E711-80BB-001EC9E44883;1;2017-09-13 10:49:01.803;Residencial Santa Fé
A438A059-9CF8-4865-9549-93CEF59C61AC;0AA91E1E-042A-E711-80BB-001EC9E44883;1;2017-09-13 10:49:02.210;Residencial Santa Fé I
D8E1269B-8CA5-46E5-A184-A39350AEC36B;0AA91E1E-042A-E711-80BB-001EC9E44883;1;2017-09-13 10:49:02.027;Residencial Santa Rita - 4ª Etapa
A16A6FE0-BDF5-4F30-AED9-0EF65FF3D92D;0AA91E1E-042A-E711-80BB-001EC9E44883;1;2017-09-13 10:49:02.843;Residencial São Bernardo
0C5CBE91-2C7D-46E1-A429-E602F21654ED;0AA91E1E-042A-E711-80BB-001EC9E44883;1;2017-09-13 10:49:03.017;Residencial São Geraldo
4696211E-0D60-43FC-B02A-EF37E0C99DB9;0AA91E1E-042A-E711-80BB-001EC9E44883;1;2017-09-13 10:49:03.090;Residencial São Leopoldo
997DEEFA-45D8-4807-B967-EAAF65C125B0;0AA91E1E-042A-E711-80BB-001EC9E44883;1;2017-09-13 10:49:03.093;Residencial São Leopoldo Complemento
7590FCA7-59B6-491F-A3D0-D97E8B94F485;0AA91E1E-042A-E711-80BB-001EC9E44883;1;2017-09-13 10:49:02.783;Residencial São Marcos
EFE7E61F-FD42-4518-BF30-C0630974EE25;0AA91E1E-042A-E711-80BB-001EC9E44883;1;2017-09-13 10:49:02.913;Residencial Senador Albino Boaventura
6CE9763C-2F44-4F20-88C6-5BF0745ED181;0AA91E1E-042A-E711-80BB-001EC9E44883;1;2017-09-13 10:49:03.103;Residencial Senador Paranhos
969720CA-B215-4BF9-85FF-5F7CFDDFD825;0AA91E1E-042A-E711-80BB-001EC9E44883;1;2017-09-13 10:49:02.833;Residencial Serra Azul Etapa I
7656CEC3-A83C-48E5-91F8-9532DCF8BB58;0AA91E1E-042A-E711-80BB-001EC9E44883;1;2017-09-13 10:49:02.837;Residencial Serra Azul II
E3668607-F962-4D0E-BB57-F0BBF577C42B;0AA91E1E-042A-E711-80BB-001EC9E44883;1;2017-09-13 10:49:01.867;Residencial Sevilha
8072CC72-E715-4262-8089-BA055D94B74C;0AA91E1E-042A-E711-80BB-001EC9E44883;1;2017-09-13 10:49:02.180;Residencial Solar Bougainville
2B7A4BB4-15E5-4CF8-B480-60DFD44935BC;0AA91E1E-042A-E711-80BB-001EC9E44883;1;2017-09-13 10:49:02.487;Residencial Solar Ville
4D63C49F-E5AD-42D7-9018-93EA5B203416;0AA91E1E-042A-E711-80BB-001EC9E44883;1;2017-09-13 10:49:03.093;Residencial Sonho Dourado
27CCFD2B-98D3-4FDE-87FD-1D9FFF5DABA7;0AA91E1E-042A-E711-80BB-001EC9E44883;1;2017-09-13 10:49:03.043;Residencial Sonho Verde
CA9BDDEB-A54A-4522-91B9-67C8E0D2C372;0AA91E1E-042A-E711-80BB-001EC9E44883;1;2017-09-13 10:49:02.067;Residencial Talismã
313A9C42-EB66-48BB-A1BB-D3CBCEA538BB;0AA91E1E-042A-E711-80BB-001EC9E44883;1;2017-09-13 10:49:02.077;Residencial Talismã I
EC8AC0C1-84E4-4C8F-AE77-6BE0E17A3B66;0AA91E1E-042A-E711-80BB-001EC9E44883;1;2017-09-13 10:49:02.853;Residencial Tempo Novo
16584293-E3B3-4AF4-9566-D6D11A836394;0AA91E1E-042A-E711-80BB-001EC9E44883;1;2017-09-13 10:49:03.003;Residencial Vale da Serra
EEB6017B-A59D-4852-99AC-369C00041033;0AA91E1E-042A-E711-80BB-001EC9E44883;1;2017-09-13 10:49:03.150;Residencial Vale das Brisas
DB1F34D2-19F0-4F3F-836E-07185592DCEA;0AA91E1E-042A-E711-80BB-001EC9E44883;1;2017-09-13 10:49:03.047;Residencial Vale do Araguaia
791D225C-5D48-4E0C-AA95-3683AFBCD2ED;0AA91E1E-042A-E711-80BB-001EC9E44883;1;2017-09-13 10:49:03.003;Residencial Vale dos Sonhos
C10A670F-8C8F-432D-A0D1-0563B3000BC7;0AA91E1E-042A-E711-80BB-001EC9E44883;1;2017-09-13 10:49:03.003;Residencial Vale dos Sonhos II
FADBF640-9AA0-4933-99D6-141223F60F01;0AA91E1E-042A-E711-80BB-001EC9E44883;1;2017-09-13 10:49:02.020;Residencial Vereda dos Buritis
69AF0DDD-334F-4170-81E3-997399213038;0AA91E1E-042A-E711-80BB-001EC9E44883;1;2017-09-13 10:49:02.193;Residencial Village Santa Rita I
B2C701D8-D97A-4E29-B259-AF0060E0CC00;0AA91E1E-042A-E711-80BB-001EC9E44883;1;2017-09-13 10:49:02.200;Residencial Village Santa Rita II
510C9953-5D9F-4847-BD1F-DA616936C197;0AA91E1E-042A-E711-80BB-001EC9E44883;1;2017-09-13 10:49:02.203;Residencial Village Santa Rita III
5E0B9759-3A73-449E-BFD6-DB7D68737117;0AA91E1E-042A-E711-80BB-001EC9E44883;1;2017-09-13 10:49:02.207;Residencial Village Santa Rita IV
910A1E41-F5EA-46FD-B82B-5730700F9DD3;0AA91E1E-042A-E711-80BB-001EC9E44883;1;2017-09-13 10:49:03.150;Residencial Ville de France
7116A02D-7083-464B-BD1C-5365DF29EF26;0AA91E1E-042A-E711-80BB-001EC9E44883;1;2017-09-13 10:49:02.847;Residencial Ytapuã
9A9F2BBD-B8DF-4883-9112-51B404151FB9;0AA91E1E-042A-E711-80BB-001EC9E44883;1;2017-09-13 10:49:02.290;Rodoviário
2470F57C-AA65-4C53-99D3-2EA7D8C6FEE3;0AA91E1E-042A-E711-80BB-001EC9E44883;1;2017-09-13 10:49:02.983;Santa Genoveva
842D573B-0D12-4DDC-8BD8-8955DF7FAABD;0AA91E1E-042A-E711-80BB-001EC9E44883;1;2017-09-13 10:49:02.993;Santa Genoveva 2
5250EBE8-76D7-48ED-9A31-58D76A7E59D9;0AA91E1E-042A-E711-80BB-001EC9E44883;1;2017-09-13 10:49:03.090;Santo Hilário
33B13ABC-D51C-460D-B639-0EC1173E4E42;0AA91E1E-042A-E711-80BB-001EC9E44883;1;2017-09-13 10:49:03.097;Santo Hilário Complemento
CD483C8E-7439-4080-871D-612F506E8A44;0AA91E1E-042A-E711-80BB-001EC9E44883;1;2017-09-13 10:49:03.093;Santo Hilário II
2DB342BF-9950-46C0-A7D3-56BB73166E09;0AA91E1E-042A-E711-80BB-001EC9E44883;1;2017-09-13 10:49:02.590;São Carlos
8ADCCB8F-B405-4D5B-9F47-4E1597BADCB2;0AA91E1E-042A-E711-80BB-001EC9E44883;1;2017-09-13 10:49:02.600;São Domingos
EFAD7418-5A17-4023-A04F-07494D668D70;0AA91E1E-042A-E711-80BB-001EC9E44883;1;2017-09-13 10:49:02.337;São Francisco
47B7861E-BF1B-4907-862E-B29EBE3A5B56;0AA91E1E-042A-E711-80BB-001EC9E44883;1;2017-09-13 10:49:03.120;Serrinha
EAB9B766-B149-4083-922F-B5292C0D39FD;0AA91E1E-042A-E711-80BB-001EC9E44883;1;2017-09-13 10:49:01.553;Setor Aeroporto
800E8C63-0496-4824-818A-398AE8F2FAE4;0AA91E1E-042A-E711-80BB-001EC9E44883;1;2017-09-13 10:49:02.957;Setor Alto do Vale
78D99EE9-27A7-4383-9B72-47A5624C341E;0AA91E1E-042A-E711-80BB-001EC9E44883;1;2017-09-13 10:49:01.727;Setor Andréia
62C19D59-76FD-4F4E-AA25-35F433DCF5A4;0AA91E1E-042A-E711-80BB-001EC9E44883;1;2017-09-13 10:49:03.117;Setor Areião II
24E0C222-D2E0-4B22-9CAC-643AD95DDB3E;0AA91E1E-042A-E711-80BB-001EC9E44883;1;2017-09-13 10:49:03.000;Setor Asa Branca
875A4AA7-CDEB-45BE-BE62-C521D7395A32;0AA91E1E-042A-E711-80BB-001EC9E44883;1;2017-09-13 10:49:02.407;Setor Barra da Tijuca
3D6F20DD-C798-4DF8-BC22-92FC91CD7CF7;0AA91E1E-042A-E711-80BB-001EC9E44883;1;2017-09-13 10:49:03.117;Setor Bela Vista
A9378F88-2B66-4FC4-9EBD-E8C25F8CCB67;0AA91E1E-042A-E711-80BB-001EC9E44883;1;2017-09-13 10:49:01.563;Setor Bueno
B18CCBE1-ED42-4158-9F5F-5B87479A6CCC;0AA91E1E-042A-E711-80BB-001EC9E44883;1;2017-09-13 10:49:02.857;Setor Campinas
5AAE7561-0E02-4BAA-8B28-F263905E39AB;0AA91E1E-042A-E711-80BB-001EC9E44883;1;2017-09-13 10:49:02.397;Setor Cândida de Morais
FB7D3F09-F18D-4A22-B5FE-DD4089259CE7;0AA91E1E-042A-E711-80BB-001EC9E44883;1;2017-09-13 10:49:02.217;Setor Castelo Branco
909C8381-3D40-4C68-973C-BA612090B94F;0AA91E1E-042A-E711-80BB-001EC9E44883;1;2017-09-13 10:49:01.550;Setor Central
5007CB62-A18F-4F35-99AB-3928CAA36546;0AA91E1E-042A-E711-80BB-001EC9E44883;1;2017-09-13 10:49:03.150;Setor Central
63CC7784-2125-47F6-80C2-61409CC34295;0AA91E1E-042A-E711-80BB-001EC9E44883;1;2017-09-13 10:49:02.860;Setor Centro Oeste
6B0F4070-43B6-4D2F-BEFA-70C98F22FEB6;0AA91E1E-042A-E711-80BB-001EC9E44883;1;2017-09-13 10:49:02.857;Setor Coimbra
138E6300-4E36-44F1-BAD9-6AF7DF7971A0;0AA91E1E-042A-E711-80BB-001EC9E44883;1;2017-09-13 10:49:02.983;Setor Criméia Leste
658A7264-6FA8-4526-9BD7-2A2801983002;0AA91E1E-042A-E711-80BB-001EC9E44883;1;2017-09-13 10:49:02.913;Setor Criméia Oeste
5029FE79-1AC7-4EE0-9EEE-86A391DA6680;0AA91E1E-042A-E711-80BB-001EC9E44883;1;2017-09-13 10:49:01.727;Setor Cristina
B988E22A-2825-4EBD-BCEB-66917B9BA715;0AA91E1E-042A-E711-80BB-001EC9E44883;1;2017-09-13 10:49:02.847;Setor das Nações
A7AC3CB6-3833-4244-8A48-E980D683512F;0AA91E1E-042A-E711-80BB-001EC9E44883;1;2017-09-13 10:49:02.840;Setor das Nações Extensão
2CD79F58-5198-47C0-BAF0-E3704F3BE4F2;0AA91E1E-042A-E711-80BB-001EC9E44883;1;2017-09-13 10:49:03.123;Setor dos Afonsos
9793111D-273A-4DE2-A8A5-7F0FE3F7B165;0AA91E1E-042A-E711-80BB-001EC9E44883;1;2017-09-13 10:49:01.767;Setor dos Dourados
97541802-8D4C-49F5-ABDF-7A506D87FB58;0AA91E1E-042A-E711-80BB-001EC9E44883;1;2017-09-13 10:49:02.860;Setor dos Funcionários
7BBC99D5-CE33-448A-B567-D3E512DDA7BF;0AA91E1E-042A-E711-80BB-001EC9E44883;1;2017-09-13 10:49:02.940;Setor Empresarial
852E3B59-7F1B-49E4-8F33-DF1A85A1BF5C;0AA91E1E-042A-E711-80BB-001EC9E44883;1;2017-09-13 10:49:02.563;Setor Estrela Dalva
C8E38470-8616-468E-821D-062384D1A3A1;0AA91E1E-042A-E711-80BB-001EC9E44883;1;2017-09-13 10:49:01.710;Setor Faiçalville
D0C66231-EE45-4142-BC55-D68A67B07FF8;0AA91E1E-042A-E711-80BB-001EC9E44883;1;2017-09-13 10:49:01.723;Setor Garavelo
2D227EFB-EB25-44E2-8E3A-61778D21B575;0AA91E1E-042A-E711-80BB-001EC9E44883;1;2017-09-13 10:49:02.927;Setor Gentil Meireles
0B4982D4-CDFD-4AB7-8A7C-EF28993BC075;0AA91E1E-042A-E711-80BB-001EC9E44883;1;2017-09-13 10:49:02.983;Setor Goiânia 2
577E73C1-B71D-4036-86FB-81AC151A814E;0AA91E1E-042A-E711-80BB-001EC9E44883;1;2017-09-13 10:49:01.723;Setor Grajaú
2776DB2A-C817-4485-8BE6-664B373D47BA;0AA91E1E-042A-E711-80BB-001EC9E44883;1;2017-09-13 10:49:02.987;Setor Jaó
D719B69C-3455-4144-BE18-534A43EFF137;0AA91E1E-042A-E711-80BB-001EC9E44883;1;2017-09-13 10:49:02.967;Setor Leste Universitário
01AA8E5F-449B-4901-B93C-A0095C8A596B;0AA91E1E-042A-E711-80BB-001EC9E44883;1;2017-09-13 10:49:02.973;Setor Leste Vila Nova
5C2CA8AB-D23B-452F-AF8F-7D209A989964;0AA91E1E-042A-E711-80BB-001EC9E44883;1;2017-09-13 10:49:02.423;Setor Marabá
2D41B68B-825E-4A01-A8C7-904AC313AC2E;0AA91E1E-042A-E711-80BB-001EC9E44883;1;2017-09-13 10:49:02.433;Setor Marabá Extensão
F1D7B3FB-8AB8-4334-B865-A7FD6A6AD44F;0AA91E1E-042A-E711-80BB-001EC9E44883;1;2017-09-13 10:49:02.913;Setor Marechal Rondon
C6FCE35B-030C-4709-AD6B-9D0532C09C15;0AA91E1E-042A-E711-80BB-001EC9E44883;1;2017-09-13 10:49:01.740;Setor Maria Celeste
F0E68430-5B47-4E83-91B7-BABE21D7A5BA;0AA91E1E-042A-E711-80BB-001EC9E44883;1;2017-09-13 10:49:03.010;Setor Maria Rosa
2DDA1654-00C3-447D-A9F1-E6CB0FFE5C2E;0AA91E1E-042A-E711-80BB-001EC9E44883;1;2017-09-13 10:49:01.560;Setor Marista
B4C80BC2-8C22-4E79-9CCB-7F3856D3D430;0AA91E1E-042A-E711-80BB-001EC9E44883;1;2017-09-13 10:49:02.750;Setor Maysa Extensão
EE7FA27F-2274-479A-8A74-B38AF0A2ABA6;0AA91E1E-042A-E711-80BB-001EC9E44883;1;2017-09-13 10:49:02.520;Setor Morada do Sol
2BF1FB08-A0A7-45E5-B41B-4B6B60B268BB;0AA91E1E-042A-E711-80BB-001EC9E44883;1;2017-09-13 10:49:02.970;Setor Morais
E862A731-19B8-44A9-8F18-282D81F66F6A;0AA91E1E-042A-E711-80BB-001EC9E44883;1;2017-09-13 10:49:02.977;Setor Negrão de Lima
C6319708-D233-4031-A80F-BBA49F1489C1;0AA91E1E-042A-E711-80BB-001EC9E44883;1;2017-09-13 10:49:02.430;Setor Noroeste
DD5B86D3-6310-48D2-907E-6AB3DC30FF75;0AA91E1E-042A-E711-80BB-001EC9E44883;1;2017-09-13 10:49:01.550;Setor Norte Ferroviário
FC5B3455-BCA1-44DC-8F47-475C7833B2C8;0AA91E1E-042A-E711-80BB-001EC9E44883;1;2017-09-13 10:49:01.553;Setor Norte Ferroviário II
9C8AAE68-5780-4F07-9D29-0DD3F52325FF;0AA91E1E-042A-E711-80BB-001EC9E44883;1;2017-09-13 10:49:01.630;Setor Nova Suiça
4DC2965B-2B86-4E88-9157-574FE292B660;0AA91E1E-042A-E711-80BB-001EC9E44883;1;2017-09-13 10:49:02.980;Setor Nova Vila
225FED47-E46C-4C54-B96B-87C4695C4116;0AA91E1E-042A-E711-80BB-001EC9E44883;1;2017-09-13 10:49:01.830;Setor Novo Horizonte
F1CFC477-63E0-4DF9-8426-9AAF9FFEB5BA;0AA91E1E-042A-E711-80BB-001EC9E44883;1;2017-09-13 10:49:02.623;Setor Novo Planalto
49265826-C543-4150-B411-37512FA2ABB1;0AA91E1E-042A-E711-80BB-001EC9E44883;1;2017-09-13 10:49:01.557;Setor Oeste
053322AF-3893-47AA-BFBB-A06B29F37381;0AA91E1E-042A-E711-80BB-001EC9E44883;1;2017-09-13 10:49:01.783;Setor Orientville
CC234BB5-4A4D-4F77-8B7D-55A4F561DDB7;0AA91E1E-042A-E711-80BB-001EC9E44883;1;2017-09-13 10:49:02.560;Setor Parque Tremendão
7649C514-280D-4AFA-98D4-E2C54563BD57;0AA91E1E-042A-E711-80BB-001EC9E44883;1;2017-09-13 10:49:03.110;Setor Pedro Ludovico
BDA3A6F8-6C62-47CB-8462-E445351E8927;0AA91E1E-042A-E711-80BB-001EC9E44883;1;2017-09-13 10:49:02.930;Setor Perim
37C3CB29-F4E8-455D-BE90-2347AF089C98;0AA91E1E-042A-E711-80BB-001EC9E44883;1;2017-09-13 10:49:02.933;Setor Perim Continuação
2B46039D-7058-4807-B8E4-379715E6EF96;0AA91E1E-042A-E711-80BB-001EC9E44883;1;2017-09-13 10:49:02.930;Setor Progresso
71FD3968-02D5-444F-A3B8-C812D490790E;0AA91E1E-042A-E711-80BB-001EC9E44883;1;2017-09-13 10:49:02.970;Setor Rasmussem
8A1E64C5-96AC-46D3-A7B2-7650719CA386;0AA91E1E-042A-E711-80BB-001EC9E44883;1;2017-09-13 10:49:03.100;Setor Recanto das Minas Gerais
19E47120-C844-4097-9946-64F98B2F0781;0AA91E1E-042A-E711-80BB-001EC9E44883;1;2017-09-13 10:49:01.910;Setor Rio Formoso
1DDDE23C-3498-40BC-8AA2-0B9383697540;0AA91E1E-042A-E711-80BB-001EC9E44883;1;2017-09-13 10:49:02.003;Setor Santa Rita
6D704B55-BE7B-4139-9621-35066CF40D07;0AA91E1E-042A-E711-80BB-001EC9E44883;1;2017-09-13 10:49:01.940;Setor Santa Rita II
67400E79-ACF6-4442-BCBA-CD42D1A4B6F1;0AA91E1E-042A-E711-80BB-001EC9E44883;1;2017-09-13 10:49:01.990;Setor Santa Rita VII
49068BD5-0838-43DD-AA8E-2D932E0D0298;0AA91E1E-042A-E711-80BB-001EC9E44883;1;2017-09-13 10:49:01.970;Setor Santa Rita VIII
EFBE946F-0B86-4399-8AA0-81E612807AA7;0AA91E1E-042A-E711-80BB-001EC9E44883;1;2017-09-13 10:49:02.393;Setor Santos Dumont
B68F6D43-6493-44AE-990C-7E293C09C2E8;0AA91E1E-042A-E711-80BB-001EC9E44883;1;2017-09-13 10:49:02.297;Setor São José
2E96B655-A665-49ED-8B1E-ED3E8FD6D7EC;0AA91E1E-042A-E711-80BB-001EC9E44883;1;2017-09-13 10:49:02.923;Setor Sevene
C0238C8E-01C8-4360-8F07-2DE80F93AE2F;0AA91E1E-042A-E711-80BB-001EC9E44883;1;2017-09-13 10:49:01.620;Setor Sol Nascente
89BDA5BD-E442-4990-9751-1AC26873E81F;0AA91E1E-042A-E711-80BB-001EC9E44883;1;2017-09-13 10:49:02.190;Setor Solar Santa Rita
8C06D111-BA75-4D69-9DF5-C88D44D98EE8;0AA91E1E-042A-E711-80BB-001EC9E44883;1;2017-09-13 10:49:01.633;Setor Sudoeste
715F84AE-41E1-455C-BCFE-E75FFF6903C1;0AA91E1E-042A-E711-80BB-001EC9E44883;1;2017-09-13 10:49:01.553;Setor Sul
C45C786F-7173-4F32-968C-E00A7772DEC5;0AA91E1E-042A-E711-80BB-001EC9E44883;1;2017-09-13 10:49:01.920;Setor Tancredo Neves
FE5E3862-27B5-4009-9955-6D535752137B;0AA91E1E-042A-E711-80BB-001EC9E44883;1;2017-09-13 10:49:01.887;Setor Três Marias
B02DB6B6-8CE6-4519-8A4A-184BC75FEB9B;0AA91E1E-042A-E711-80BB-001EC9E44883;1;2017-09-13 10:49:01.900;Setor Três Marias I
3F000836-A85E-43E3-8F91-21D673BA2B40;0AA91E1E-042A-E711-80BB-001EC9E44883;1;2017-09-13 10:49:01.923;Setor Ulisses Guimarães
4CA202F1-DD90-40F3-AF3C-CC47D12870E4;0AA91E1E-042A-E711-80BB-001EC9E44883;1;2017-09-13 10:49:01.647;Setor União
7FB0A649-533D-409A-AC9F-2E72CEFE34F7;0AA91E1E-042A-E711-80BB-001EC9E44883;1;2017-09-13 10:49:02.917;Setor Urias Magalhães
667DC00B-4C22-455A-8459-FA72BF7D7963;0AA91E1E-042A-E711-80BB-001EC9E44883;1;2017-09-13 10:49:02.920;Setor Urias Magalhães II
F2FBAA57-0545-4089-B289-3883A4E753BE;0AA91E1E-042A-E711-80BB-001EC9E44883;1;2017-09-13 10:49:02.993;Sítio de Recreio Ipê
C016DBF2-AC88-40D0-992E-B0598A2DB649;0AA91E1E-042A-E711-80BB-001EC9E44883;1;2017-09-13 10:49:02.990;Sítio de Recreio Mansões Bernardo Sayão
8FA2D1FB-01BB-4635-88F1-4D90A4D1D702;0AA91E1E-042A-E711-80BB-001EC9E44883;1;2017-09-13 10:49:02.943;Sítio de Recreio Panorama
F3E31CE7-15EF-4585-9BDE-C52ACE184EBF;0AA91E1E-042A-E711-80BB-001EC9E44883;1;2017-09-13 10:49:03.033;Sítio de Recreio Paraíso Tropical
41FDDB99-47BB-4F9C-B1BB-96A381CB9410;0AA91E1E-042A-E711-80BB-001EC9E44883;1;2017-09-13 10:49:03.027;Sítio de Recreio Pindorama
A1E5E1DE-D5E3-4D99-B083-8B864DC7BE38;0AA91E1E-042A-E711-80BB-001EC9E44883;1;2017-09-13 10:49:03.030;Sítios de Recreio Caraíbas
4D8D4B8E-22FC-4166-A765-13DBE9CF65B3;0AA91E1E-042A-E711-80BB-001EC9E44883;1;2017-09-13 10:49:02.643;Sítios de Recreio dos Bandeirantes
F16F416D-5F24-45CE-9FEB-61752FB0F9F2;0AA91E1E-042A-E711-80BB-001EC9E44883;1;2017-09-13 10:49:03.020;Sítios de Recreio Mansões do Campus
2B39255C-02F9-4727-B3E8-E6FE17038BEE;0AA91E1E-042A-E711-80BB-001EC9E44883;1;2017-09-13 10:49:02.693;Solange Park I
BD0D3545-2E3A-430E-9679-47EAC451E124;0AA91E1E-042A-E711-80BB-001EC9E44883;1;2017-09-13 10:49:02.700;Solange Park II
4531AD1F-C0D0-475A-AFDD-2A6B1D6548E0;0AA91E1E-042A-E711-80BB-001EC9E44883;1;2017-09-13 10:49:02.703;Solange Park III
6E81EBAD-6558-47C1-A3F4-E9ACFB30FDFD;0AA91E1E-042A-E711-80BB-001EC9E44883;1;2017-09-13 10:49:02.770;Solange Parque Complemento
32950D53-3662-45F1-9417-BBBD5A3968EE;0AA91E1E-042A-E711-80BB-001EC9E44883;1;2017-09-13 10:49:02.773;Solange Parque Extensão
FEB8B552-5E83-4FB0-9B3E-DF8B29EF91AF;0AA91E1E-042A-E711-80BB-001EC9E44883;1;2017-09-13 10:49:02.860;Vila Abajá
C960ECF2-D705-4268-9DE2-B2D0B007E6B1;0AA91E1E-042A-E711-80BB-001EC9E44883;1;2017-09-13 10:49:01.670;Vila Adélia
75D87117-A8B0-422D-8E82-9438734D00E0;0AA91E1E-042A-E711-80BB-001EC9E44883;1;2017-09-13 10:49:01.623;Vila Aguiar
3FE21762-C28F-4EE6-9A9E-A99903747EA9;0AA91E1E-042A-E711-80BB-001EC9E44883;1;2017-09-13 10:49:03.110;Vila Alto da Glória
500FFDB5-8B09-4DA5-B41D-C7C94AB33019;0AA91E1E-042A-E711-80BB-001EC9E44883;1;2017-09-13 10:49:01.657;Vila Alvorada
A514411F-A779-46BF-BE9E-D5A32DC1408A;0AA91E1E-042A-E711-80BB-001EC9E44883;1;2017-09-13 10:49:01.563;Vila Americano do Brasil
CCB97DC4-3C89-4139-9660-A6B005345E6D;0AA91E1E-042A-E711-80BB-001EC9E44883;1;2017-09-13 10:49:01.663;Vila Anchieta
C8D9509C-0E0F-4807-827A-8232A3AEACB4;0AA91E1E-042A-E711-80BB-001EC9E44883;1;2017-09-13 10:49:02.287;Vila Aurora Oeste
2D6B88A9-4B1A-4569-B093-9EF86764EC47;0AA91E1E-042A-E711-80BB-001EC9E44883;1;2017-09-13 10:49:03.037;Vila Bandeirantes
D4994D5E-9936-4381-B4EF-4209E13D0F4F;0AA91E1E-042A-E711-80BB-001EC9E44883;1;2017-09-13 10:49:01.643;Vila Bela
E2086F73-8183-4B10-8734-511753943A17;0AA91E1E-042A-E711-80BB-001EC9E44883;1;2017-09-13 10:49:02.860;Vila Boa Sorte
D43576D2-092E-4FF1-B150-543548FA2331;0AA91E1E-042A-E711-80BB-001EC9E44883;1;2017-09-13 10:49:02.277;Vila Canaã
0EA3C607-87A7-41A0-AAB0-F4ACC9AC2BAC;0AA91E1E-042A-E711-80BB-001EC9E44883;1;2017-09-13 10:49:02.930;Vila Clemente
C0E9222F-E931-4943-BF7F-5BA1FD4512A2;0AA91E1E-042A-E711-80BB-001EC9E44883;1;2017-09-13 10:49:02.973;Vila Colemar Natal e Silva
BE8FDF85-8A71-4FB2-A865-4297A6D664B5;0AA91E1E-042A-E711-80BB-001EC9E44883;1;2017-09-13 10:49:03.083;Vila Concórdia
E5573DB5-CF0C-4870-9370-B0B49A787A94;0AA91E1E-042A-E711-80BB-001EC9E44883;1;2017-09-13 10:49:02.943;Vila Cristina
62D1E2C5-E335-40DA-BF27-676C0BFFD457;0AA91E1E-042A-E711-80BB-001EC9E44883;1;2017-09-13 10:49:02.947;Vila Cristina Continuação
2668AAE8-DBD3-461D-B3AB-29857AD56A5E;0AA91E1E-042A-E711-80BB-001EC9E44883;1;2017-09-13 10:49:02.947;Vila Cristina Extensão
FCAA499C-B8EA-41F8-9325-8E4D26DD7541;0AA91E1E-042A-E711-80BB-001EC9E44883;1;2017-09-13 10:49:03.120;Vila Divino Pai Eterno
5BEAB92C-6293-46C8-92A8-20D1C8B8FA24;0AA91E1E-042A-E711-80BB-001EC9E44883;1;2017-09-13 10:49:01.640;Vila dos Alpes
0F3F8EDE-DA63-487C-908E-ED4182FA67B9;0AA91E1E-042A-E711-80BB-001EC9E44883;1;2017-09-13 10:49:02.990;Vila dos Oficiais
FCBD80A1-FF70-4459-AF4F-59ED4DAE8112;0AA91E1E-042A-E711-80BB-001EC9E44883;1;2017-09-13 10:49:02.987;Vila dos Subtenentes e Sargentos
72DBAB6F-041F-4BE9-A0D6-A5BF7ACFFC02;0AA91E1E-042A-E711-80BB-001EC9E44883;1;2017-09-13 10:49:02.907;Vila Fernandes
0E3B8403-98F3-4C8D-BE3D-B203800A3477;0AA91E1E-042A-E711-80BB-001EC9E44883;1;2017-09-13 10:49:02.513;Vila Finsocial
19B616B6-E8EC-45DD-BB1A-4CECAE420B37;0AA91E1E-042A-E711-80BB-001EC9E44883;1;2017-09-13 10:49:02.980;Vila Fróes
B25DA068-0D68-4C39-930D-A85C3DF4B409;0AA91E1E-042A-E711-80BB-001EC9E44883;1;2017-09-13 10:49:02.857;Vila Irany
B0A052EC-2F36-428A-820A-BA5004431C41;0AA91E1E-042A-E711-80BB-001EC9E44883;1;2017-09-13 10:49:02.900;Vila Isaura
D3C2046E-B8E3-499A-8922-E993AFC0E6A3;0AA91E1E-042A-E711-80BB-001EC9E44883;1;2017-09-13 10:49:03.013;Vila Itatiaia
A2CEC971-FA45-427A-8747-095CF2954D33;0AA91E1E-042A-E711-80BB-001EC9E44883;1;2017-09-13 10:49:02.903;Vila Jacaré
FDA07186-9E0C-40A1-B00A-70B56C8FDD66;0AA91E1E-042A-E711-80BB-001EC9E44883;1;2017-09-13 10:49:02.980;Vila Jaraguá
22E122E8-AE36-4819-8D86-933E80A80D1B;0AA91E1E-042A-E711-80BB-001EC9E44883;1;2017-09-13 10:49:03.010;Vila Jardim Pompéia
803081B5-F3C3-456F-AB43-C5090B6FD7D3;0AA91E1E-042A-E711-80BB-001EC9E44883;1;2017-09-13 10:49:03.007;Vila Jardim São Judas Tadeu
8B85A7C5-52EE-4ECA-B0BF-DBE3D5ADAF92;0AA91E1E-042A-E711-80BB-001EC9E44883;1;2017-09-13 10:49:03.130;Vila Jardim Vitória
464AF59C-C9B2-47E7-853F-4CC1FB77DA0C;0AA91E1E-042A-E711-80BB-001EC9E44883;1;2017-09-13 10:49:02.307;Vila João Vaz
7F7D238C-1899-4074-8BF8-61EDF44C40E1;0AA91E1E-042A-E711-80BB-001EC9E44883;1;2017-09-13 10:49:03.130;Vila Legionárias
EAA1FDEE-9391-4695-B0DB-7FA1F653F1C9;0AA91E1E-042A-E711-80BB-001EC9E44883;1;2017-09-13 10:49:02.110;Vila Luciana
72BCC028-5544-49D2-BE3A-C0F95C2C02E1;0AA91E1E-042A-E711-80BB-001EC9E44883;1;2017-09-13 10:49:01.660;Vila Lucy
4DB14CC0-024F-43ED-A13D-C695D1EDDCED;0AA91E1E-042A-E711-80BB-001EC9E44883;1;2017-09-13 10:49:02.933;Vila Maria Dilce
05EA6763-E17C-488E-98AE-1254EAA87006;0AA91E1E-042A-E711-80BB-001EC9E44883;1;2017-09-13 10:49:03.110;Vila Maria José
1A00DEA8-956B-4C3E-B835-801CC1B6F07A;0AA91E1E-042A-E711-80BB-001EC9E44883;1;2017-09-13 10:49:03.040;Vila Maria Luiza
E12A9674-F14F-44C0-8134-83D8EFEA9C64;0AA91E1E-042A-E711-80BB-001EC9E44883;1;2017-09-13 10:49:03.037;Vila Martins
676BDF32-C8DE-4376-8CE9-7F9908379294;0AA91E1E-042A-E711-80BB-001EC9E44883;1;2017-09-13 10:49:03.050;Vila Martins Extensão
16F220CD-6F97-4932-8856-52FB2D29A742;0AA91E1E-042A-E711-80BB-001EC9E44883;1;2017-09-13 10:49:03.090;Vila Matilde
46BE9269-58D9-440A-BF9A-C1157D7B323A;0AA91E1E-042A-E711-80BB-001EC9E44883;1;2017-09-13 10:49:01.667;Vila Mauá
9A70E09F-4153-4794-A05C-C9D683F312C2;0AA91E1E-042A-E711-80BB-001EC9E44883;1;2017-09-13 10:49:02.983;Vila Megale
3D7F2D81-6C91-4B70-A553-E92C3A62E256;0AA91E1E-042A-E711-80BB-001EC9E44883;1;2017-09-13 10:49:02.980;Vila Monticelli
F06B48AC-4CB5-445D-BC2B-149D164B56FF;0AA91E1E-042A-E711-80BB-001EC9E44883;1;2017-09-13 10:49:02.280;Vila Mooca
A3836948-1A9C-43FB-83E4-C69E98D59280;0AA91E1E-042A-E711-80BB-001EC9E44883;1;2017-09-13 10:49:02.283;Vila Mooca Complemento
652AEF2A-94FC-4A5C-AD7E-8B42F668D348;0AA91E1E-042A-E711-80BB-001EC9E44883;1;2017-09-13 10:49:02.967;Vila Morais
3C29D0CA-D2FD-4FB8-BB00-E81225551EDE;0AA91E1E-042A-E711-80BB-001EC9E44883;1;2017-09-13 10:49:02.620;Vila Mutirão I
A32AB04A-B024-49CF-89FC-37F03AC48873;0AA91E1E-042A-E711-80BB-001EC9E44883;1;2017-09-13 10:49:02.570;Vila Mutirão II
6204CF9A-804F-455A-A1DF-644E3705D127;0AA91E1E-042A-E711-80BB-001EC9E44883;1;2017-09-13 10:49:02.920;Vila Nossa Senhora Aparecida
A1E7EB60-C4DD-448B-A4D9-5DDAD938986B;0AA91E1E-042A-E711-80BB-001EC9E44883;1;2017-09-13 10:49:02.220;Vila Nova Canaã
FD88E8AC-072B-4F61-9DB1-9FC4E08FF020;0AA91E1E-042A-E711-80BB-001EC9E44883;1;2017-09-13 10:49:02.910;Vila Ofugi
C2A59B41-84EE-481A-B3AE-F5EE07462D91;0AA91E1E-042A-E711-80BB-001EC9E44883;1;2017-09-13 10:49:02.973;Vila Osvaldo Rosa
ACB37559-3AA0-4CF5-A3A0-22352C42EE71;0AA91E1E-042A-E711-80BB-001EC9E44883;1;2017-09-13 10:49:02.900;Vila Paraíso
88E06628-EEA4-4D48-9335-B99EB69B6758;0AA91E1E-042A-E711-80BB-001EC9E44883;1;2017-09-13 10:49:03.080;Vila Pedroso
476AA368-2828-4E5F-8BE7-E255639FE241;0AA91E1E-042A-E711-80BB-001EC9E44883;1;2017-09-13 10:49:02.907;Vila Perdiz
D05871F8-747F-4955-A1EF-C7F56477AC73;0AA91E1E-042A-E711-80BB-001EC9E44883;1;2017-09-13 10:49:03.123;Vila Redenção
C36DDFD1-0F74-4D9C-8C59-3454A936FB6C;0AA91E1E-042A-E711-80BB-001EC9E44883;1;2017-09-13 10:49:02.333;Vila Regina
A43F8217-9249-4808-9515-1638EDE5940B;0AA91E1E-042A-E711-80BB-001EC9E44883;1;2017-09-13 10:49:01.683;Vila Rezende
F1BBFAC6-B890-4FC4-9649-C75CA30236C9;0AA91E1E-042A-E711-80BB-001EC9E44883;1;2017-09-13 10:49:02.150;Vila Rizzo
B70EDA47-AF3D-49A3-A1BA-D467AAD9F821;0AA91E1E-042A-E711-80BB-001EC9E44883;1;2017-09-13 10:49:03.040;Vila Romana
A13739BB-C9B1-4D1B-BA9D-6EC650140E73;0AA91E1E-042A-E711-80BB-001EC9E44883;1;2017-09-13 10:49:01.707;Vila Rosa
DB440DB7-18E3-4557-A5F6-21B62486F172;0AA91E1E-042A-E711-80BB-001EC9E44883;1;2017-09-13 10:49:03.000;Vila Santa Cruz
4C785F20-691C-4F1C-8095-81FFB1D3093A;0AA91E1E-042A-E711-80BB-001EC9E44883;1;2017-09-13 10:49:01.613;Vila Santa Efigênia
63B6180E-77B4-4235-857C-83C7A19CC6F8;0AA91E1E-042A-E711-80BB-001EC9E44883;1;2017-09-13 10:49:02.910;Vila Santa Helena
D17A358E-8126-4EF0-B7DC-E3140E5470E2;0AA91E1E-042A-E711-80BB-001EC9E44883;1;2017-09-13 10:49:02.977;Vila Santa Isabel
1C17D094-E9B9-415A-858F-79830332DB0D;0AA91E1E-042A-E711-80BB-001EC9E44883;1;2017-09-13 10:49:02.277;Vila Santa Rita
850D3EC6-F4BB-422A-AE7E-2E871546810B;0AA91E1E-042A-E711-80BB-001EC9E44883;1;2017-09-13 10:49:02.010;Vila Santa Rita - 5ª Etapa
00246CD5-C47D-4C7F-ABE6-8CFD256500EB;0AA91E1E-042A-E711-80BB-001EC9E44883;1;2017-09-13 10:49:02.283;Vila Santa Rita Acréscimo
F242A9F0-75A6-4198-A57A-5724025B53DB;0AA91E1E-042A-E711-80BB-001EC9E44883;1;2017-09-13 10:49:02.857;Vila Santana
2027371D-2FE6-4624-BD68-4EF321D38E6E;0AA91E1E-042A-E711-80BB-001EC9E44883;1;2017-09-13 10:49:02.287;Vila Santo Afonso
6ECC8B69-780B-41DD-BC53-63084708242E;0AA91E1E-042A-E711-80BB-001EC9E44883;1;2017-09-13 10:49:02.867;Vila São Francisco
0F609399-63E6-4060-BB1C-EEB44F4647CA;0AA91E1E-042A-E711-80BB-001EC9E44883;1;2017-09-13 10:49:03.110;Vila São João
3EC785BC-C627-45AE-B03B-EB377251D405;0AA91E1E-042A-E711-80BB-001EC9E44883;1;2017-09-13 10:49:02.300;Vila São José Complemento
B045D9BD-7A36-4204-935B-5E2B5202C620;0AA91E1E-042A-E711-80BB-001EC9E44883;1;2017-09-13 10:49:02.300;Vila São José Extensão
418E200B-7E14-46AC-B64D-C6F9A93C6D03;0AA91E1E-042A-E711-80BB-001EC9E44883;1;2017-09-13 10:49:02.913;Vila São Luiz
B3387697-9215-4593-97EA-6F5618714958;0AA91E1E-042A-E711-80BB-001EC9E44883;1;2017-09-13 10:49:02.153;Vila São Paulo
65D0001B-7A3E-4DA7-A90A-A7BB5695960B;0AA91E1E-042A-E711-80BB-001EC9E44883;1;2017-09-13 10:49:03.123;Vila São Tomaz
B49F0CEE-633F-48A6-B270-CF7A9173559D;0AA91E1E-042A-E711-80BB-001EC9E44883;1;2017-09-13 10:49:01.567;Vila Teófilo Neto
AB3E0360-93AF-4EBB-9568-6389D9D858DE;0AA91E1E-042A-E711-80BB-001EC9E44883;1;2017-09-13 10:49:02.903;Vila Vera Cruz
EEE5BEC5-536D-4EDD-9BEB-9D9BE9FF60F5;0AA91E1E-042A-E711-80BB-001EC9E44883;1;2017-09-13 10:49:02.977;Vila Viana
07E226C7-C071-418C-BE14-59F251511CB5;0AA91E1E-042A-E711-80BB-001EC9E44883;1;2017-09-13 10:49:02.907;Vila Viandeli
C3A0AE59-35D2-44B0-8092-10384A79092C;0AA91E1E-042A-E711-80BB-001EC9E44883;1;2017-09-13 10:49:02.860;Vila Xavier
A882CB52-C29D-4A6E-A971-3A698574F05C;0AA91E1E-042A-E711-80BB-001EC9E44883;1;2017-09-13 10:49:03.030;Village Atalaia
EC6F94DC-C910-46B1-AB07-366DA0D00778;0AA91E1E-042A-E711-80BB-001EC9E44883;1;2017-09-13 10:49:03.017;Village Casa Grande
AD367E3A-AE2F-4D5C-BD58-C9E0C826C07F;0AA91E1E-042A-E711-80BB-001EC9E44883;1;2017-09-13 10:49:02.387;Village Maringá
7B8703CD-D707-4041-9E7B-733951C174F2;0AA91E1E-042A-E711-80BB-001EC9E44883;1;2017-09-13 10:49:02.190;Village Santa Rita
698D3EB5-624D-4D1A-A297-AA79316CF316;0AA91E1E-042A-E711-80BB-001EC9E44883;1;2017-09-13 10:49:01.837;Village Veneza
EDB2A5CB-BFE0-4475-A465-3A3C20CD72A3;0AA91E1E-042A-E711-80BB-001EC9E44883;1;2017-09-13 10:49:02.133;Villar Baviera
F2DCB39F-C38D-4D65-8E77-33937CEB7F9E;0AA91E1E-042A-E711-80BB-001EC9E44883;1;2017-09-13 10:49:02.937;Zona Industrial Pedro Abraão
